attendance,study_hours,sleep_hours,screen_time,assignment_load,exam_frequency,social_interaction,burnout_level
68.73,7.71,7.24,9.31,4,5,7.7,0
97.54,8.58,4.86,6.2,3,5,6.7,0
86.6,4.75,8.36,7.8,5,4,7.11,0
79.93,7.37,7.07,5.49,1,4,8.26,0
57.8,7.0,4.79,7.04,2,5,6.96,0
57.8,8.83,8.81,4.72,3,3,3.95,0
52.9,9.34,6.59,4.41,1,4,4.38,0
93.31,3.09,4.36,6.63,1,5,9.07,0
80.06,7.72,7.13,5.99,2,2,1.15,0
85.4,3.36,5.27,6.64,2,4,7.29,0
51.03,6.84,8.02,4.29,4,3,9.59,0
98.5,5.01,8.09,4.94,5,1,7.36,0
91.62,5.15,8.89,2.67,3,2,9.95,0
60.62,5.47,6.51,2.42,5,3,7.19,0
59.09,7.35,6.27,4.03,3,3,1.31,0
59.17,5.34,7.77,2.59,1,3,8.44,0
65.21,8.13,4.66,2.83,2,2,3.56,0
76.24,5.83,6.73,8.5,2,3,5.01,0
71.6,3.48,6.73,2.31,1,1,3.81,0
64.56,8.49,4.45,7.27,1,4,3.42,0
80.59,5.0,6.09,4.18,3,2,4.88,0
56.97,6.03,8.27,8.97,1,3,4.41,0
64.61,7.8,8.28,5.88,3,5,6.7,0
68.32,5.33,4.5,4.44,5,4,8.32,0
72.8,3.4,4.45,6.14,2,2,3.67,0
89.26,5.62,5.31,5.06,2,5,2.92,0
59.98,9.61,8.37,6.51,2,5,7.0,0
75.71,7.49,4.64,2.92,5,3,7.03,0
79.62,7.7,7.6,9.98,5,2,9.11,0
52.32,7.43,4.51,5.4,4,3,1.14,0
80.38,4.39,7.12,4.79,3,1,8.68,0
58.53,5.93,5.78,7.68,3,5,5.69,0
53.25,8.26,7.94,4.91,4,1,6.59,0
97.44,3.71,5.17,8.67,2,3,1.82,0
98.28,4.94,7.2,5.63,3,4,4.89,0
90.42,4.93,5.18,7.76,3,5,3.05,0
65.23,6.02,7.57,2.86,2,4,3.29,0
54.88,9.86,8.37,8.77,1,2,5.54,0
84.21,3.47,4.63,7.89,1,5,8.31,0
72.01,6.63,8.33,3.69,4,1,7.69,0
56.1,4.26,6.97,3.16,5,4,6.32,0
74.76,9.79,4.64,4.53,3,2,5.85,0
51.72,3.79,6.14,9.81,3,5,4.85,0
95.47,5.83,4.8,4.05,4,2,9.75,0
62.94,8.17,7.5,5.65,4,1,6.04,0
83.13,7.93,7.79,2.24,3,5,3.29,0
65.59,5.96,4.53,5.18,2,2,3.07,0
76.0,5.43,6.53,6.57,2,3,6.5,0
77.34,5.78,8.07,9.62,5,5,5.71,0
59.24,4.85,8.68,6.13,3,5,1.07,0
98.48,4.44,6.57,8.55,3,5,8.47,0
88.76,6.38,8.75,6.38,3,5,7.34,0
96.97,4.88,6.68,2.33,3,3,6.96,0
94.74,5.01,5.97,4.52,4,1,1.62,0
79.89,7.6,8.24,6.6,1,3,4.26,0
96.09,9.78,6.46,9.6,3,3,9.42,0
54.42,7.23,6.36,8.87,1,2,8.76,0
59.8,3.54,6.45,3.83,2,4,3.57,0
52.26,3.53,8.23,3.76,5,4,2.41,0
66.27,9.66,8.16,3.61,2,2,5.04,0
69.43,5.08,6.02,9.38,3,3,4.2,0
63.57,3.64,5.67,8.82,2,2,7.14,0
91.44,7.19,6.46,8.2,4,5,9.7,0
67.84,7.37,6.86,5.14,1,2,4.27,0
64.05,7.54,5.19,6.04,3,2,1.56,0
77.13,4.87,7.97,5.71,4,5,9.08,0
57.05,3.11,6.43,4.03,1,4,1.34,0
90.11,9.76,5.67,6.04,4,5,9.57,0
53.73,4.76,4.53,2.24,2,1,6.98,0
99.34,7.73,5.19,3.05,3,2,9.48,0
88.61,7.95,8.75,9.09,2,2,2.8,0
59.94,7.27,5.53,8.01,5,4,1.37,0
50.28,5.19,4.84,5.38,3,3,5.39,0
90.77,4.9,6.3,6.14,2,5,5.06,0
85.34,7.18,5.54,4.96,3,3,3.98,0
86.45,9.06,4.18,7.93,1,1,9.62,0
88.56,9.63,5.62,8.27,3,5,8.4,0
53.7,3.74,6.72,8.11,3,1,6.95,0
67.92,4.08,6.76,7.78,1,1,2.47,0
55.79,9.61,5.78,3.64,2,1,7.61,0
93.16,8.16,6.24,4.7,3,5,7.54,0
81.16,9.18,8.83,5.76,4,5,4.83,0
66.54,4.42,5.89,4.65,3,4,9.32,0
53.18,7.11,5.29,8.04,2,2,2.5,0
65.55,7.91,5.22,4.63,1,3,3.41,0
66.26,7.76,6.29,3.11,2,3,1.57,0
86.48,5.86,7.8,5.19,5,1,8.16,0
81.88,3.11,5.03,9.84,3,5,6.6,0
94.36,7.08,7.55,3.81,3,5,3.83,0
73.61,4.77,4.11,6.9,1,1,2.47,0
55.98,6.15,6.09,5.46,3,2,1.36,0
85.66,9.7,7.88,2.57,4,3,2.5,0
88.04,5.79,5.69,5.9,4,4,5.08,0
78.06,8.88,6.82,7.62,2,2,3.22,0
88.55,4.32,5.02,6.11,1,5,3.33,0
74.69,7.71,7.71,8.98,5,1,8.88,0
76.14,9.84,4.26,4.31,2,3,5.64,0
71.38,3.71,8.26,2.69,1,1,7.56,0
51.27,3.06,4.99,9.49,1,5,1.32,0
55.39,6.04,8.37,5.03,2,1,4.29,0
51.57,3.65,5.76,6.61,2,3,5.31,0
81.82,8.24,7.61,8.34,3,1,2.68,0
65.72,9.4,5.6,4.59,5,3,2.08,0
75.43,6.04,8.53,7.73,4,1,8.83,0
95.38,4.81,4.63,3.08,3,1,9.45,0
62.46,6.04,4.89,4.33,1,3,1.71,0
70.52,8.06,6.47,3.16,5,1,4.14,0
87.78,3.06,4.41,8.49,5,2,9.62,0
61.44,7.13,4.98,3.78,2,4,1.75,0
53.85,7.29,8.72,7.74,5,2,6.79,0
64.49,7.46,8.88,9.55,5,4,9.75,0
58.06,4.69,5.88,6.22,1,2,9.8,0
96.48,8.0,8.62,6.32,3,4,5.24,0
90.41,3.64,6.72,5.69,5,1,2.46,0
81.67,4.39,5.35,4.61,2,3,2.82,0
93.57,9.14,7.51,5.81,3,3,9.01,0
90.18,8.17,7.29,6.82,2,5,9.21,0
59.33,3.1,8.95,9.89,5,4,6.47,0
94.63,4.74,5.33,9.5,3,5,7.9,0
76.97,4.5,7.36,8.9,5,5,7.66,0
90.37,4.9,4.26,9.11,1,4,6.96,0
94.8,4.73,4.57,5.74,3,3,8.45,0
65.9,3.44,4.02,7.26,2,4,7.17,0
55.5,6.21,9.0,9.16,1,1,5.81,0
61.4,8.13,8.01,5.14,4,5,3.13,0
71.36,7.25,7.93,9.69,2,5,7.69,0
90.9,7.71,6.55,5.33,5,4,5.26,0
93.04,3.57,5.5,6.81,2,5,3.65,0
50.35,9.66,4.76,7.68,4,3,8.22,0
75.54,8.87,5.42,9.6,2,5,7.27,0
70.87,8.64,5.88,3.96,1,4,9.44,0
61.11,8.76,7.78,7.97,2,3,2.49,0
55.99,9.53,6.7,6.17,3,3,6.84,0
66.88,6.81,4.39,4.15,4,5,3.2,0
97.15,4.4,4.09,8.21,2,4,9.13,0
66.16,7.32,4.51,6.42,4,5,1.9,0
75.94,8.2,6.05,7.29,1,1,6.91,0
85.15,8.17,8.67,4.58,3,1,8.12,0
68.18,6.65,7.19,5.85,5,3,4.19,0
98.59,3.48,8.01,6.94,2,5,9.59,0
98.12,5.6,6.33,5.24,1,1,8.66,0
62.59,9.45,5.81,3.59,4,2,3.65,0
74.86,7.09,4.54,9.69,4,1,1.07,0
65.04,6.77,8.38,6.09,1,5,3.67,0
64.24,4.88,7.92,7.87,2,5,3.53,0
51.84,5.58,4.84,5.29,5,1,9.01,0
80.48,9.27,6.56,4.84,2,5,9.7,0
75.13,7.67,6.44,5.26,3,5,1.63,0
52.57,8.51,7.13,5.27,2,2,5.24,0
63.93,6.18,8.73,6.35,3,3,5.93,0
95.41,7.41,6.9,6.35,4,5,1.84,0
61.98,4.74,6.7,5.98,3,4,4.4,0
57.24,7.94,4.25,3.08,5,3,3.85,0
74.47,5.99,4.31,5.97,1,3,5.82,0
99.28,6.1,4.94,3.35,3,4,6.95,0
62.1,7.55,4.16,3.01,2,1,7.33,0
83.61,9.55,7.72,9.46,3,2,2.23,0
88.08,3.45,7.62,6.84,4,5,8.32,0
61.88,8.77,4.68,7.28,3,1,7.11,0
86.41,5.05,8.18,5.21,5,4,9.0,0
68.39,6.11,4.77,9.27,3,2,5.04,0
81.62,3.15,5.51,7.1,5,2,9.05,0
81.68,5.11,5.24,8.15,2,2,8.79,0
76.79,6.52,5.86,4.95,4,4,4.95,0
54.51,3.39,5.27,9.68,1,1,4.43,0
91.77,6.44,6.44,8.56,2,5,9.4,0
66.04,9.49,6.04,8.83,2,2,7.44,0
59.33,3.74,8.93,3.38,1,2,9.35,0
52.04,8.35,4.28,4.17,3,1,8.17,0
79.54,5.87,4.71,4.29,3,2,6.48,0
83.88,7.59,4.26,4.17,3,2,2.04,0
50.83,4.82,7.13,8.84,4,4,3.62,0
75.6,4.12,4.27,2.26,2,3,9.72,0
61.32,4.12,8.18,2.61,5,1,3.87,0
82.26,3.49,6.56,4.19,1,1,1.84,0
58.72,4.3,6.64,3.6,2,1,7.37,0
84.55,7.65,6.81,3.85,3,4,7.61,0
69.34,9.17,4.85,8.38,1,4,3.57,0
96.84,8.7,4.99,6.51,5,5,3.68,0
56.88,7.8,5.59,2.05,2,4,5.22,0
67.05,3.77,6.97,5.43,2,1,1.2,0
55.67,5.02,5.05,5.26,4,5,8.1,0
96.23,5.17,4.58,2.91,2,3,3.85,0
93.87,4.75,8.85,7.41,2,2,8.68,0
62.9,6.61,4.11,7.62,5,2,8.22,0
83.0,6.75,8.01,7.77,5,5,6.95,0
90.86,5.5,7.94,7.83,1,3,3.92,0
77.76,5.48,5.49,2.0,3,2,5.65,0
76.48,8.8,4.68,9.63,5,5,5.0,0
62.09,8.53,4.73,8.51,1,4,4.05,0
54.66,5.15,7.49,9.23,2,1,8.63,0
94.86,9.4,7.21,2.13,1,3,5.35,0
95.02,9.67,7.91,9.47,1,2,8.49,0
81.66,5.29,8.69,8.48,1,1,1.95,0
66.95,5.48,7.46,8.7,1,5,2.27,0
67.46,6.54,4.78,2.75,5,2,9.8,0
86.3,9.59,5.22,7.91,3,1,6.29,0
94.86,9.13,8.21,9.68,1,4,5.59,0
94.35,3.72,5.05,7.43,4,3,5.71,0
88.99,5.75,4.36,6.56,2,5,2.94,0
82.1,6.87,7.52,9.57,2,2,7.47,0
54.21,6.52,6.01,5.54,2,4,1.76,0
58.08,4.36,8.6,6.79,2,3,6.16,0
94.93,9.01,7.25,5.81,2,3,6.14,0
80.32,7.74,4.45,9.46,1,4,9.23,0
50.46,8.87,8.74,2.61,3,2,5.74,0
55.07,9.01,5.29,6.01,4,3,2.23,0
83.18,8.24,5.69,7.5,5,5,6.15,0
50.25,6.07,6.01,8.34,4,1,1.82,0
58.04,7.27,4.26,6.66,5,5,2.83,0
77.44,4.12,6.48,9.27,5,3,1.28,0
84.59,7.72,4.62,9.54,4,1,5.62,0
82.6,4.25,6.0,2.51,1,4,1.76,0
61.21,7.86,5.75,5.22,2,1,5.22,0
85.61,4.61,7.86,2.19,1,1,9.4,0
61.86,3.82,8.02,4.64,2,1,7.48,0
66.27,4.16,4.77,6.29,3,3,1.7,0
87.32,3.01,5.83,9.29,5,2,3.02,0
82.48,8.03,5.87,8.77,4,3,7.06,0
92.46,8.13,4.76,3.02,3,2,9.05,0
82.88,6.6,7.99,2.74,2,4,1.3,0
78.42,4.13,7.54,6.71,1,4,8.31,0
54.68,3.58,4.95,6.26,4,4,6.06,0
68.39,3.13,5.83,4.13,5,4,5.91,0
63.26,4.16,4.53,9.2,3,4,9.62,0
62.2,9.24,7.14,9.42,5,5,7.73,0
98.65,4.69,4.61,5.22,2,3,8.65,0
69.65,5.48,8.93,9.12,5,2,4.19,0
94.6,3.74,7.9,5.07,1,4,5.99,0
81.56,4.56,5.95,7.89,3,5,6.54,0
89.74,6.63,6.89,5.81,3,5,3.89,0
75.13,7.25,8.56,2.98,1,5,6.13,0
78.85,4.72,6.77,9.42,5,3,3.13,0
74.63,3.4,4.87,5.63,1,4,2.29,0
59.76,5.74,5.89,7.88,4,5,4.37,0
86.12,4.64,8.22,4.94,1,5,7.65,0
64.04,4.54,7.22,2.15,5,4,9.25,0
51.22,9.72,7.25,2.8,1,3,5.12,0
82.27,7.31,8.33,5.97,2,5,6.79,0
58.86,6.9,8.47,7.52,1,2,1.93,0
97.02,5.91,8.6,4.68,1,1,9.14,0
97.7,6.0,4.47,7.56,5,1,6.12,0
95.74,6.79,6.72,7.59,4,1,8.02,0
68.51,7.88,7.7,7.63,4,3,8.15,0
50.77,7.92,7.78,5.94,5,5,3.31,0
96.42,4.2,7.03,9.32,5,1,5.76,0
71.41,6.5,4.83,5.91,5,1,9.64,0
98.33,5.88,7.99,5.6,2,4,1.81,0
98.18,9.09,7.6,3.6,3,5,7.15,0
92.65,7.42,4.43,4.46,1,5,9.66,0
64.72,6.73,6.32,2.34,5,4,3.71,0
69.25,3.81,4.87,7.07,5,5,8.75,0
92.56,7.24,5.69,3.99,5,2,9.4,0
65.85,3.82,4.09,4.43,4,3,7.72,0
58.47,5.36,6.0,8.17,5,4,3.08,0
77.84,4.0,6.75,4.62,1,1,4.01,0
96.81,7.84,7.1,3.94,5,5,1.32,0
84.8,4.44,7.32,3.35,1,2,8.48,0
78.5,5.74,8.18,8.2,2,2,8.65,0
54.86,9.27,5.08,3.04,3,3,6.69,0
80.75,4.43,4.6,5.63,4,2,4.17,0
99.5,6.55,8.26,6.06,1,5,1.69,0
57.0,5.93,4.78,7.5,2,5,7.78,0
75.92,3.13,8.87,7.07,3,2,7.54,0
93.87,8.55,8.21,8.49,3,5,9.21,0
87.04,3.48,6.5,2.36,3,5,7.57,0
84.85,6.32,8.91,4.37,1,1,8.46,0
85.12,6.92,4.49,4.24,2,4,7.71,0
67.97,7.4,5.52,3.17,5,5,6.68,0
64.68,7.82,7.19,4.31,2,5,4.84,0
90.47,4.77,5.75,4.48,2,3,9.12,0
90.51,3.07,8.64,6.18,2,4,6.86,0
93.35,8.06,4.33,7.31,1,4,4.59,0
95.66,6.75,6.75,5.05,1,4,1.75,0
75.57,8.85,6.95,7.76,1,2,3.62,0
75.08,8.75,7.26,4.69,2,1,5.89,0
89.91,8.9,5.28,4.32,1,1,3.48,0
82.5,6.4,5.82,6.33,3,3,2.99,0
85.1,5.34,8.22,2.19,1,4,5.75,0
89.79,8.54,4.97,2.64,4,4,2.53,0
94.5,6.16,8.13,5.34,1,5,8.2,0
66.9,4.28,6.81,9.54,1,2,5.36,0
68.78,8.98,7.81,7.77,1,2,6.16,0
54.7,9.18,7.57,2.71,1,3,2.33,0
78.91,6.26,5.04,8.77,4,1,3.92,0
51.8,3.53,6.84,7.86,5,4,4.69,0
73.28,5.71,8.34,6.89,1,3,8.27,0
77.13,8.62,6.16,8.56,3,2,7.93,0
64.33,9.31,8.83,5.23,4,2,3.01,0
79.54,4.42,6.26,3.77,5,2,6.55,0
51.53,3.47,4.71,6.1,1,4,3.19,0
51.87,9.14,5.95,6.39,5,4,9.89,0
91.13,5.73,8.76,6.31,3,4,9.57,0
68.01,6.79,5.6,6.52,4,5,6.07,0
56.35,9.78,8.34,9.59,4,1,7.29,0
76.11,3.47,8.41,9.22,5,2,8.21,0
88.5,7.54,5.75,9.01,1,2,7.49,0
60.79,3.52,4.42,8.41,2,5,7.3,0
81.14,5.63,7.62,9.55,4,2,9.63,0
54.27,8.63,5.56,2.79,2,2,6.37,0
52.58,6.03,7.91,4.12,4,4,6.73,0
76.57,9.98,6.21,5.96,1,4,8.64,0
77.03,6.91,6.43,8.77,1,1,7.03,0
81.87,5.25,7.89,6.04,4,2,7.6,0
86.3,4.54,5.91,7.98,5,3,3.11,0
98.79,5.45,6.22,3.11,1,2,4.34,0
75.82,5.61,5.88,4.02,1,2,2.33,0
66.15,3.48,5.84,7.85,3,1,5.55,0
89.76,5.59,6.63,3.32,1,3,5.1,0
63.54,6.25,8.04,4.81,3,2,9.97,0
71.95,8.06,5.81,4.12,1,3,6.5,0
53.92,7.6,6.62,4.8,1,4,8.08,0
51.27,7.96,7.35,7.67,5,4,4.01,0
98.13,3.06,5.35,4.94,5,3,8.48,0
91.8,4.52,5.39,6.44,1,2,6.54,0
84.8,7.63,8.67,2.8,4,3,7.27,0
70.45,6.39,7.62,8.44,4,3,3.65,0
58.66,3.04,6.89,4.96,1,4,5.94,0
57.82,8.63,7.24,7.19,4,3,6.71,0
62.51,8.41,4.15,7.8,1,5,6.3,0
77.46,6.84,7.09,3.68,5,5,9.24,0
85.73,3.47,6.55,9.08,2,4,9.08,0
83.01,8.37,6.73,6.93,3,2,9.74,0
64.0,7.09,5.8,5.43,4,2,7.01,0
97.74,8.47,4.41,3.46,4,4,9.75,0
86.89,8.26,4.97,9.54,5,2,8.49,0
77.72,8.62,8.75,8.04,4,1,3.44,0
80.59,6.63,6.04,3.66,1,5,4.85,0
70.98,3.98,6.33,4.7,1,1,3.15,0
62.39,7.7,4.26,8.48,2,1,1.04,0
67.8,7.34,4.19,7.57,2,1,2.69,0
87.89,8.2,7.59,8.13,2,4,1.04,0
50.72,4.19,6.69,5.53,1,1,7.48,0
55.8,4.36,6.54,7.73,2,3,4.83,0
52.3,9.23,5.22,5.09,2,2,3.81,0
52.04,8.25,7.72,3.69,1,4,7.86,0
92.77,9.36,4.84,7.06,5,3,8.49,0
85.18,8.31,4.95,9.81,4,3,9.78,0
73.71,7.18,6.3,4.48,3,5,6.78,0
54.89,7.58,5.43,5.69,1,5,5.15,0
74.58,9.22,5.24,7.39,1,3,3.75,0
73.67,7.05,7.23,6.33,3,5,3.0,0
58.66,7.43,7.25,8.75,3,2,2.92,0
71.69,4.1,8.12,8.09,2,2,4.68,0
69.93,6.32,6.09,2.47,3,5,9.93,0
80.79,8.01,4.37,9.99,4,1,1.01,0
81.75,4.9,5.37,8.02,4,3,2.77,0
52.27,4.42,8.9,8.91,4,2,2.7,0
68.73,5.2,6.98,7.21,4,5,7.45,0
81.29,4.69,7.55,8.85,4,5,4.17,0
75.16,4.5,4.04,2.9,2,2,5.12,0
92.82,5.97,6.59,4.78,1,2,2.34,0
82.93,9.35,4.19,9.01,3,1,4.64,0
58.15,6.55,6.85,3.61,1,5,1.93,0
53.53,4.32,8.6,2.63,3,5,5.8,0
82.12,3.54,8.84,8.3,2,4,1.88,0
51.33,7.87,6.7,8.68,2,1,8.11,0
79.29,5.68,6.29,3.3,5,2,6.1,0
97.01,8.75,8.73,8.83,5,2,7.52,0
78.77,7.62,7.37,7.49,2,3,4.77,0
69.41,8.57,4.32,6.16,2,2,4.43,0
82.16,4.9,6.33,8.64,3,5,1.88,0
72.91,7.85,5.2,5.35,2,2,5.71,0
77.28,4.85,6.35,3.55,1,5,5.63,0
97.07,9.57,6.28,4.28,3,5,5.21,0
69.31,7.45,6.91,6.04,2,1,7.66,0
98.06,5.27,5.78,6.25,3,2,8.49,0
95.27,4.89,4.82,8.44,3,1,7.76,0
59.79,4.34,6.52,8.33,4,5,2.29,0
53.47,7.86,8.15,6.65,5,2,6.6,0
55.04,4.53,7.32,8.25,3,2,1.72,0
50.91,7.17,5.69,3.53,3,1,7.25,0
54.72,4.85,8.68,2.4,4,1,4.44,0
84.15,7.63,8.56,8.99,2,5,2.19,0
53.56,8.7,5.05,2.6,3,5,8.76,0
65.95,8.45,4.2,3.97,4,2,6.53,0
92.24,8.33,7.71,7.56,1,2,4.19,0
51.16,4.31,8.14,5.28,4,4,1.28,0
90.72,3.62,8.84,9.01,5,4,5.84,0
64.09,7.89,8.45,4.38,5,3,9.31,0
55.91,5.58,7.0,2.09,2,5,6.37,0
84.84,6.03,6.65,4.41,2,3,9.74,0
81.45,3.22,4.14,6.62,5,3,2.23,0
93.87,4.82,5.23,5.01,5,1,6.11,0
86.75,3.24,6.3,6.28,3,1,8.18,0
90.17,9.15,7.14,9.01,5,4,5.73,0
64.1,4.7,6.79,9.3,2,3,1.82,0
58.87,6.9,7.71,4.13,5,4,6.25,0
87.53,3.27,5.4,5.7,2,5,6.51,0
90.34,7.67,6.82,6.39,1,2,7.56,0
99.53,5.26,4.44,9.59,5,1,7.85,0
70.63,9.29,6.07,9.99,2,5,7.94,0
68.6,9.22,7.75,3.88,4,5,6.97,0
88.82,5.28,7.47,7.82,3,1,2.94,0
67.04,9.31,8.95,5.02,2,1,4.64,0
96.54,9.97,5.39,2.06,5,3,7.99,0
92.92,8.78,6.49,2.07,5,4,9.58,0
71.45,8.91,5.65,5.68,1,5,1.71,0
87.54,4.74,6.2,5.91,4,3,5.82,0
87.73,7.04,8.28,2.18,2,3,3.81,0
55.16,3.47,7.42,7.5,4,5,3.03,0
95.13,3.66,8.41,4.35,1,5,5.55,0
75.26,9.99,5.02,6.48,3,2,6.45,0
91.32,5.29,8.37,4.41,4,4,1.09,0
66.0,8.24,4.3,3.34,1,5,8.02,0
94.78,8.65,8.44,5.26,2,1,8.38,0
69.46,9.01,5.65,3.86,3,2,9.69,0
50.54,9.98,5.57,6.28,5,4,2.63,0
95.27,4.69,6.56,3.59,1,1,6.35,0
54.56,3.28,8.7,6.07,5,1,4.84,0
65.97,5.88,4.24,3.26,3,4,4.01,0
97.5,3.91,5.76,7.37,1,2,6.09,0
97.53,3.16,8.28,8.03,1,1,8.04,0
78.67,5.52,5.98,2.88,3,3,1.21,0
81.59,8.49,5.0,5.74,2,4,9.72,0
72.42,6.96,6.12,2.57,1,4,8.29,0
64.66,5.19,5.93,6.79,3,5,7.76,0
66.43,7.58,8.58,4.12,4,2,7.84,0
83.63,4.62,7.81,6.22,5,3,4.5,0
87.62,3.1,6.53,6.14,1,3,7.76,0
89.58,8.35,8.94,9.39,4,5,4.48,0
89.48,7.37,6.33,6.39,1,1,9.09,0
54.56,8.34,4.29,6.66,2,1,2.6,0
74.72,3.27,5.31,5.21,3,3,3.63,0
52.88,8.86,6.18,9.59,1,2,5.96,0
77.48,7.34,4.78,8.22,3,1,3.87,0
72.08,6.94,8.74,4.28,1,4,4.82,0
94.39,7.37,7.83,8.75,2,5,5.43,0
67.55,9.05,5.34,5.46,2,2,8.71,0
55.85,7.11,6.95,8.63,4,1,5.71,0
57.15,7.07,7.61,8.58,2,3,4.26,0
88.08,9.93,8.71,3.51,3,5,3.23,0
80.91,8.3,8.41,7.61,2,1,4.68,0
55.06,6.1,6.58,4.33,1,3,5.64,0
54.21,7.95,7.87,4.38,2,1,7.72,0
85.05,5.72,6.81,4.37,3,5,2.09,0
53.64,4.6,6.76,7.8,1,4,2.99,0
91.09,7.18,4.57,3.84,4,4,4.42,0
85.31,9.5,4.63,2.01,4,3,4.24,0
54.07,9.5,6.65,7.72,4,4,4.53,0
54.24,5.39,5.34,3.37,1,5,8.14,0
99.33,6.69,4.11,2.84,4,3,3.92,0
68.71,4.48,7.61,3.9,2,1,5.52,0
68.53,9.97,4.16,5.04,1,2,6.62,0
90.64,9.87,6.98,5.81,1,1,3.09,0
97.36,7.55,6.7,2.36,1,5,7.47,0
99.3,8.63,8.84,9.76,5,3,5.92,0
87.67,8.01,6.42,7.73,3,1,5.02,0
68.81,7.15,4.32,4.59,5,3,8.29,0
54.18,3.37,6.76,4.55,5,4,3.19,0
88.86,6.18,8.21,5.59,5,2,8.95,0
77.92,7.72,8.98,7.01,3,5,6.05,0
71.21,7.74,6.15,3.17,5,1,6.48,0
95.32,5.61,5.6,3.51,4,2,8.88,0
55.56,9.59,8.53,8.88,1,5,8.36,0
74.63,4.17,4.96,4.05,1,5,6.41,0
50.57,6.5,7.08,5.04,2,4,7.78,0
73.43,7.84,6.03,8.97,4,3,4.9,0
52.82,7.88,4.21,7.31,3,3,5.93,0
55.94,7.54,5.74,4.73,1,2,1.56,0
55.88,4.93,5.33,7.47,5,4,1.81,0
82.46,4.09,7.43,2.16,2,5,8.46,0
87.3,7.45,8.74,7.89,2,4,1.54,0
79.17,7.2,5.34,5.9,1,4,2.52,0
98.11,4.26,8.06,8.51,4,2,8.16,0
68.74,7.94,4.28,9.64,2,3,1.01,0
64.29,6.19,6.69,9.41,1,4,3.54,0
93.43,7.67,4.35,9.27,4,4,6.26,0
61.18,8.86,8.67,6.1,1,4,6.36,0
98.16,4.19,7.83,4.88,1,1,7.99,0
50.61,3.13,7.29,5.72,4,4,5.55,0
98.49,8.45,8.12,7.52,4,4,5.58,0
52.16,7.27,7.24,9.07,4,5,7.53,0
94.56,7.9,8.84,3.66,1,1,5.49,0
76.39,8.87,7.57,9.35,2,4,6.48,0
99.65,8.62,8.62,8.52,3,4,9.08,0
53.69,9.73,6.59,9.83,3,2,4.61,0
77.69,6.75,4.59,9.04,1,2,4.47,0
98.47,6.42,6.64,4.24,1,1,1.03,0
76.15,5.81,4.63,2.85,2,5,6.52,0
81.47,4.08,6.96,2.9,4,1,1.27,0
84.79,7.01,6.41,4.33,1,1,5.54,0
72.73,4.94,7.11,6.91,5,2,8.24,0
81.38,9.45,4.05,8.43,4,2,5.95,0
79.22,7.08,4.97,9.19,1,5,3.43,0
95.06,7.15,6.46,6.99,5,4,8.08,0
52.27,5.48,8.75,2.05,2,5,3.43,0
64.05,3.36,5.92,3.49,5,4,7.6,0
97.52,3.22,6.12,2.8,1,3,6.49,0
94.51,5.96,7.57,4.91,3,2,2.53,0
72.78,3.59,7.02,6.01,1,3,9.15,0
81.01,7.25,5.49,2.35,3,3,2.81,0
63.87,9.17,6.05,4.79,2,2,9.91,0
59.41,9.18,5.09,3.43,2,3,1.07,0
73.18,7.61,8.83,7.18,4,1,3.37,0
67.67,4.48,4.65,5.71,4,4,2.8,0
79.18,9.04,5.86,5.96,3,5,1.13,0
53.89,9.2,4.13,5.42,3,2,7.59,0
98.72,4.38,5.11,9.65,2,1,7.24,0
99.31,8.16,7.9,3.72,5,5,8.13,0
84.91,5.01,5.01,6.13,3,5,3.31,0
76.8,8.62,4.4,7.89,3,5,5.0,0
65.48,9.98,6.37,6.45,5,3,6.93,0
90.69,3.21,4.05,9.43,4,3,4.96,0
84.24,9.28,4.42,5.02,4,3,7.28,0
58.13,7.36,8.04,5.71,3,3,6.71,0
95.55,9.81,7.86,2.71,4,1,2.03,0
91.13,6.26,8.58,6.87,4,3,8.03,0
97.49,8.93,8.27,4.31,4,2,7.49,0
86.29,3.44,7.42,3.28,2,5,6.9,0
80.67,5.35,4.26,6.36,1,1,2.4,0
70.91,3.47,7.91,6.26,3,3,3.41,0
96.64,9.83,8.23,2.61,3,5,4.54,0
93.3,8.72,8.0,7.59,2,1,3.52,0
52.26,8.97,6.54,6.99,1,5,3.05,0
51.32,9.57,5.16,3.51,1,1,8.25,0
68.82,3.6,8.23,5.76,2,4,6.74,0
90.53,5.7,7.64,7.76,5,1,6.09,0
99.36,3.5,8.9,6.24,5,3,3.03,0
57.52,4.48,4.78,5.16,1,5,9.26,0
79.71,4.61,5.13,4.58,5,5,2.72,0
69.04,6.28,5.06,6.88,5,5,8.15,0
98.5,4.88,7.96,9.51,5,2,9.7,0
92.11,3.71,4.93,7.37,1,2,7.54,0
91.92,4.17,4.33,2.6,5,3,9.94,0
73.43,4.03,8.99,5.69,3,4,6.86,0
70.74,9.81,4.12,9.13,1,2,2.96,0
63.67,8.32,8.18,2.76,2,1,2.83,0
52.82,9.77,5.83,9.91,5,3,3.92,0
93.24,6.08,8.21,9.59,4,4,1.06,0
90.65,4.95,6.77,2.63,1,1,7.14,0
99.99,8.59,8.51,9.47,2,5,3.42,0
99.83,5.28,8.63,4.91,3,2,8.34,0
77.77,5.1,4.05,8.76,2,1,4.23,0
88.45,4.63,4.38,5.35,5,4,5.32,0
97.24,3.91,5.25,5.53,4,3,9.69,0
92.48,4.8,7.35,7.07,5,1,3.18,0
62.37,5.49,8.44,8.2,2,3,7.49,0
72.53,7.72,6.3,2.27,1,5,7.8,0
56.46,3.44,7.03,6.75,4,4,2.99,0
97.7,4.47,4.94,3.49,4,4,5.51,0
80.31,8.66,8.02,4.77,2,2,4.15,0
61.43,4.03,8.84,4.78,5,4,7.95,0
83.59,5.4,5.34,5.75,2,1,6.6,0
80.91,9.05,6.47,4.67,4,1,5.28,0
67.91,4.08,4.43,2.86,2,1,8.01,0
55.68,3.58,6.8,3.17,4,5,3.12,0
83.58,6.39,6.51,2.27,5,4,7.78,0
76.02,5.12,4.72,5.76,1,4,8.79,0
88.62,6.94,6.21,9.64,1,1,8.91,0
76.01,8.63,5.67,2.93,2,2,8.05,0
92.61,3.96,6.61,9.57,4,2,4.67,0
77.6,7.06,6.93,7.87,1,4,9.84,0
78.05,6.54,4.04,7.1,4,4,4.42,0
93.83,4.01,7.81,7.16,5,3,6.75,0
70.17,7.37,7.57,8.61,2,4,2.45,0
56.7,4.92,5.83,2.86,4,1,9.82,0
51.44,6.41,4.26,6.04,2,5,7.34,0
87.76,3.58,7.77,7.58,4,4,7.78,0
81.02,6.22,8.78,6.69,4,4,1.59,0
85.2,5.15,5.2,8.66,5,1,7.87,0
60.65,8.76,5.62,2.58,2,3,7.97,0
56.82,3.4,4.92,7.53,3,4,7.05,0
50.73,5.93,6.88,6.27,4,2,3.63,0
67.53,6.21,4.77,5.03,4,2,5.41,0
79.5,8.08,5.78,4.72,1,2,1.99,0
69.61,7.02,7.49,6.97,2,5,5.24,0
71.87,7.67,6.8,9.13,3,5,3.19,0
95.21,8.44,5.93,5.97,5,4,4.14,0
67.41,9.04,6.1,8.6,3,4,2.46,0
75.7,5.2,6.81,5.22,5,4,3.07,0
89.18,6.77,4.03,2.82,3,5,1.69,0
69.83,8.88,4.39,2.49,3,4,9.28,0
81.1,9.93,8.41,2.41,2,1,5.77,0
93.12,9.23,4.39,5.04,1,3,4.57,0
97.48,5.6,7.53,4.7,3,2,5.82,0
57.35,4.37,8.6,7.74,4,2,6.65,0
96.33,6.43,5.35,7.94,4,1,9.3,0
74.61,8.19,5.85,2.41,4,4,2.61,0
62.91,6.45,6.84,3.77,1,5,3.66,0
72.96,6.38,8.41,4.19,3,4,9.78,0
99.0,8.87,8.71,6.38,5,4,4.34,0
74.63,5.53,7.7,3.16,5,2,1.2,0
66.44,9.02,4.43,3.07,2,2,2.33,0
81.67,5.85,7.35,9.55,1,5,1.24,0
62.01,5.3,6.05,8.43,3,2,9.91,0
53.79,6.18,6.35,3.45,4,4,3.51,0
56.44,8.34,4.25,5.25,1,1,9.31,0
56.4,3.88,4.96,4.84,1,5,9.96,0
57.6,4.37,7.95,8.33,3,1,6.4,0
56.94,9.66,6.27,6.08,2,4,1.3,0
82.04,4.23,5.51,3.02,2,5,1.73,0
59.09,6.97,5.92,7.91,2,1,5.33,0
67.28,7.06,8.27,5.18,4,5,4.66,0
94.84,6.43,7.74,4.1,4,4,6.46,0
73.7,7.51,5.36,5.0,3,5,4.95,0
83.38,4.61,4.59,5.98,2,4,9.41,0
58.62,6.87,5.26,4.74,3,5,5.81,0
59.61,5.61,8.6,3.94,2,5,7.24,0
52.04,7.63,6.91,5.19,1,2,9.07,0
58.45,3.99,6.67,2.15,5,4,2.32,0
63.93,7.0,6.98,8.18,5,3,3.07,0
58.85,4.3,5.83,3.37,2,5,1.97,0
54.44,4.95,8.04,2.35,3,1,2.26,0
56.03,4.53,6.62,7.23,4,2,5.61,0
73.04,4.28,4.58,8.19,2,2,3.89,0
60.32,8.78,4.65,8.51,2,5,4.81,0
68.21,5.0,6.68,5.95,4,3,9.84,0
75.17,9.49,8.68,3.64,2,2,2.41,0
84.52,9.79,5.54,7.9,1,4,5.87,0
51.97,7.0,8.35,7.6,4,5,1.89,0
89.97,4.0,7.82,3.97,1,5,3.87,0
81.4,5.62,5.24,9.23,5,3,5.75,0
54.09,8.58,4.18,2.83,4,4,9.52,0
93.68,5.57,4.51,9.86,4,4,4.52,0
96.04,3.61,7.64,8.88,3,3,1.58,0
53.05,6.9,5.0,7.5,3,1,4.49,0
63.84,8.92,5.86,9.51,4,4,2.31,0
90.31,8.57,6.51,7.78,5,1,3.07,0
87.41,4.23,7.63,3.52,2,1,6.56,0
59.23,7.71,4.57,5.54,3,5,1.61,0
60.47,4.54,6.03,2.57,5,5,5.18,0
68.52,4.53,6.43,5.12,5,2,6.49,0
74.23,9.12,6.7,7.93,3,5,4.8,0
80.91,4.75,8.09,5.09,2,4,1.17,0
68.45,4.84,4.86,4.64,3,4,9.87,0
73.13,3.0,8.04,6.76,5,1,4.3,0
87.37,9.09,7.46,8.98,1,4,8.01,0
51.83,8.55,6.78,2.38,3,5,3.93,0
62.62,7.39,7.5,5.08,5,5,5.28,0
85.67,8.25,6.06,3.27,3,5,4.5,0
94.76,4.06,4.69,7.56,5,3,4.08,0
75.58,6.21,7.33,2.85,2,4,1.2,0
76.61,5.46,6.62,7.32,5,2,4.24,0
55.36,3.66,7.2,4.29,4,4,9.01,0
72.37,6.4,5.69,3.59,1,4,7.21,0
76.63,9.45,8.53,9.49,5,3,2.31,0
62.12,3.28,6.94,2.15,3,4,6.32,0
63.46,5.04,4.43,5.5,3,1,9.03,0
68.86,4.45,6.25,2.17,5,5,7.3,0
51.0,4.67,7.78,5.87,4,5,2.34,0
66.1,9.36,7.97,6.01,5,3,8.81,0
60.57,6.28,6.47,4.57,2,5,3.71,0
66.37,6.26,8.47,3.06,4,1,5.09,0
55.99,8.32,5.34,5.01,5,3,5.74,0
94.53,4.08,6.05,7.38,1,2,8.65,0
79.68,6.41,8.49,8.26,4,5,9.38,0
83.96,6.01,8.48,6.25,5,4,9.37,0
89.46,7.18,7.43,6.72,1,1,1.07,0
74.92,10.0,8.29,3.6,5,1,9.3,0
54.35,8.39,4.44,4.3,2,5,1.49,0
76.86,5.79,8.32,3.3,3,2,3.39,0
79.34,8.79,5.6,3.99,5,4,5.63,0
87.27,4.19,4.89,3.8,4,2,5.32,0
71.58,3.21,5.2,6.16,5,2,6.44,0
56.38,4.43,6.09,6.5,5,5,5.32,0
64.19,5.38,5.26,9.56,5,4,9.41,0
68.15,6.57,5.6,3.56,5,5,3.16,0
82.3,7.31,4.67,7.13,4,5,3.47,0
78.54,9.37,5.48,8.54,4,1,9.29,0
67.8,6.57,6.86,6.48,5,5,1.69,0
99.33,6.51,6.21,4.04,3,3,6.49,0
80.29,3.35,5.73,4.1,5,4,7.14,0
61.86,3.24,7.73,2.31,4,1,5.55,0
55.09,6.86,8.47,4.44,2,4,7.25,0
57.64,6.07,7.78,7.96,5,1,2.55,0
62.3,8.87,5.66,2.38,5,3,8.67,0
58.03,4.12,7.72,3.75,5,5,2.26,0
59.33,3.17,4.76,7.65,5,1,4.61,0
64.25,6.14,4.65,8.26,1,1,1.68,0
58.67,4.66,5.73,5.64,5,1,5.91,0
94.84,3.35,8.04,7.58,4,3,7.03,0
54.01,8.07,5.23,5.1,4,4,9.47,0
76.23,3.78,4.32,3.28,1,3,7.65,0
70.52,7.26,4.66,5.19,5,1,5.87,0
99.12,4.97,8.29,6.64,3,1,9.39,0
55.6,4.21,7.17,9.58,5,5,5.31,0
69.89,5.66,5.27,2.55,4,3,6.05,0
98.47,8.61,6.78,6.06,2,3,6.36,0
93.28,5.74,6.64,4.63,2,2,4.69,0
90.85,8.26,7.28,6.07,3,4,8.55,0
62.9,3.88,5.17,2.19,5,2,2.67,0
58.54,8.41,8.32,4.5,1,2,5.99,0
83.43,4.66,5.55,8.56,5,4,7.5,0
96.47,7.74,7.47,6.43,3,5,9.14,0
77.84,6.96,4.08,5.6,3,5,8.96,0
78.58,9.5,5.86,4.28,3,4,5.58,0
64.0,5.71,5.76,4.38,2,4,6.79,0
88.47,3.46,6.72,5.06,5,3,4.55,0
59.35,3.13,4.36,8.68,5,3,5.21,0
66.18,8.79,7.95,9.74,1,3,9.16,0
71.27,6.67,5.09,5.51,3,3,9.38,0
75.38,8.43,7.39,5.15,3,1,9.06,0
62.12,4.64,8.02,8.77,4,1,2.25,0
55.74,5.42,6.81,5.42,4,5,8.65,0
80.53,3.21,7.7,6.42,2,1,9.54,0
64.43,9.73,7.31,3.85,5,1,4.25,0
79.06,7.68,5.78,7.95,1,3,5.67,0
57.72,9.53,8.04,6.26,1,3,8.01,0
74.06,4.86,5.47,8.47,3,4,6.06,0
76.63,7.28,6.86,8.25,1,3,9.94,0
52.59,7.75,7.73,3.72,3,4,5.1,0
66.83,5.22,5.89,7.73,5,4,7.43,0
56.72,8.94,5.51,8.4,1,1,8.13,0
53.17,9.63,6.3,4.77,3,3,5.45,0
99.5,9.19,8.09,3.38,5,1,8.71,0
66.12,8.17,8.65,2.02,5,3,5.92,0
90.49,4.94,6.73,5.61,3,1,4.7,0
62.73,4.97,7.31,4.82,3,1,1.97,0
84.08,9.74,8.52,6.44,2,1,4.54,0
88.01,3.07,4.49,3.5,5,5,7.61,0
79.78,8.01,5.16,8.88,3,1,9.29,0
73.58,7.94,7.54,4.06,5,2,3.27,0
70.59,7.36,8.12,3.81,1,2,4.2,0
67.44,9.93,8.29,5.85,4,2,2.39,0
96.48,5.18,6.08,5.99,4,4,7.22,0
91.53,5.38,4.45,3.72,3,1,9.64,0
98.25,3.55,6.19,4.17,3,2,6.77,0
56.21,6.1,5.15,3.36,5,4,6.55,0
86.54,4.83,5.46,7.75,3,2,5.98,0
96.92,5.4,7.86,8.16,5,3,1.8,0
59.06,8.84,4.38,5.7,3,5,7.57,0
53.32,9.55,8.14,7.71,5,1,6.42,0
87.06,4.3,6.14,7.89,3,5,6.95,0
78.72,5.61,6.98,3.11,2,5,9.09,0
92.09,9.5,4.45,9.73,5,3,8.06,0
56.99,3.43,5.69,8.57,2,3,8.03,0
89.76,3.65,4.45,3.64,2,3,9.34,0
60.08,4.14,8.81,3.49,2,4,9.91,0
58.18,7.17,8.04,3.01,2,2,6.23,0
58.21,4.05,6.3,3.11,1,1,1.98,0
90.73,9.78,5.12,7.99,4,3,5.13,0
83.26,6.13,8.67,5.76,1,1,8.09,0
76.15,6.51,5.72,8.26,3,1,1.25,0
67.94,4.73,4.8,7.97,3,1,1.51,0
93.86,6.3,6.82,6.84,4,3,1.6,0
69.62,7.63,8.72,7.49,4,3,7.58,0
90.83,8.26,4.02,2.15,4,2,5.51,0
71.96,8.28,5.19,4.49,2,3,4.32,0
68.85,7.05,8.69,7.1,1,3,1.95,0
73.13,9.33,4.86,2.07,3,1,7.59,0
65.07,8.72,4.57,2.26,1,2,3.89,0
87.38,8.3,6.85,8.82,1,5,3.39,0
75.14,3.39,8.31,7.47,1,3,6.87,0
61.61,3.05,6.39,4.12,4,3,6.03,0
94.98,4.49,8.97,7.5,4,5,4.26,0
69.19,7.64,7.4,8.34,3,1,6.77,0
77.18,5.88,4.37,4.45,3,2,3.44,0
95.32,5.82,8.96,2.29,3,1,8.15,0
81.21,9.19,6.04,9.46,1,4,3.06,0
55.84,9.27,5.44,4.76,4,3,2.43,0
96.99,9.36,6.79,2.85,2,4,8.04,0
81.39,5.2,5.52,5.93,1,3,7.37,0
66.75,7.84,4.43,8.15,5,4,2.64,0
56.96,4.9,4.01,3.77,1,5,2.05,0
89.7,4.33,6.25,4.16,4,3,8.55,0
81.0,4.29,8.18,3.94,5,3,7.99,0
76.67,5.39,6.86,9.93,1,4,3.95,0
94.69,6.01,9.0,3.58,4,2,6.92,0
89.43,8.82,5.43,6.6,4,4,2.12,0
57.58,3.84,5.4,9.4,2,3,5.56,0
65.59,8.14,4.8,3.18,1,3,1.17,0
62.42,6.72,4.82,9.77,4,2,4.52,0
87.2,5.02,5.43,9.58,3,1,1.67,0
51.68,6.45,7.96,9.08,4,2,5.28,0
78.49,5.1,8.53,3.72,2,1,4.8,0
88.12,7.17,8.88,7.07,4,3,5.0,0
93.84,6.04,5.16,8.09,1,5,1.41,0
67.1,4.15,8.41,9.89,1,5,4.25,0
91.06,3.82,5.64,3.44,5,4,7.81,0
55.53,6.83,4.56,8.13,1,2,4.32,0
92.32,9.32,8.35,4.71,5,2,7.44,0
56.37,5.41,7.18,3.41,3,5,4.33,0
69.86,8.13,4.82,5.37,2,1,4.81,0
89.86,7.61,6.15,8.35,3,2,6.08,0
57.5,9.52,5.44,5.72,5,1,9.56,0
61.46,8.75,7.68,6.3,4,1,1.98,0
86.11,6.97,6.27,9.96,4,1,1.3,0
86.0,7.6,8.95,5.19,3,1,6.47,0
82.06,9.29,4.27,6.92,4,4,9.54,0
84.7,5.8,5.78,4.92,5,4,9.91,0
77.14,5.29,6.41,5.14,2,5,5.36,0
62.59,3.08,6.52,7.57,1,4,5.21,0
67.28,8.79,5.58,9.5,5,2,6.8,0
59.08,8.61,7.65,6.34,5,4,6.0,0
95.42,3.73,8.37,8.15,1,2,6.71,0
79.17,7.04,8.69,2.71,1,2,8.87,0
70.04,6.25,8.03,3.69,2,1,7.72,0
73.1,3.83,8.25,6.02,2,5,5.47,0
97.36,9.86,6.75,2.16,2,1,5.16,0
57.67,4.5,8.13,4.02,4,1,6.76,0
79.31,3.47,5.52,6.14,5,4,5.1,0
75.29,7.16,5.99,2.12,1,4,5.12,0
80.57,8.17,5.58,4.12,5,2,1.15,0
50.91,3.23,6.34,6.11,5,4,2.57,0
93.61,7.61,5.43,6.59,2,4,5.4,0
96.61,6.73,8.81,9.41,2,3,8.4,0
78.26,3.72,5.56,7.16,5,2,3.51,0
84.83,4.21,4.49,5.32,2,2,5.7,0
96.12,6.98,6.63,9.44,4,3,4.1,0
85.36,5.07,4.29,8.28,1,2,1.94,0
57.63,9.57,4.55,3.6,5,5,9.62,0
78.81,8.73,5.1,3.05,1,5,8.69,0
80.34,9.88,6.32,7.41,4,3,1.71,0
71.21,4.82,6.17,6.48,2,4,7.48,0
86.82,9.79,8.0,8.32,3,5,4.13,0
96.72,6.02,7.7,7.91,4,3,9.95,0
96.28,5.43,6.13,7.0,3,5,3.72,0
72.54,3.35,5.67,9.89,1,1,3.15,0
55.66,3.37,5.58,6.27,5,3,6.11,0
99.24,7.84,7.87,2.9,2,2,8.52,0
91.94,6.21,4.26,8.63,4,5,2.73,0
56.23,4.59,4.06,4.01,2,2,7.38,0
96.04,7.3,7.98,8.22,3,3,1.55,0
93.49,4.77,6.39,9.66,3,5,9.27,0
75.94,7.04,4.65,7.57,5,2,1.73,0
79.56,5.51,5.18,6.77,3,4,9.23,0
69.95,8.76,8.66,5.68,5,4,5.42,0
52.74,8.74,8.3,4.92,4,1,5.03,0
66.76,6.34,7.55,4.82,5,3,9.76,0
90.14,5.46,6.41,7.09,3,2,9.91,0
50.23,5.54,6.6,8.01,1,1,6.85,0
66.67,8.64,8.88,7.43,5,3,2.14,0
69.91,5.3,8.83,3.59,2,4,5.56,0
76.87,4.46,5.08,5.95,1,2,5.76,0
95.99,3.59,8.06,8.33,5,5,5.63,0
67.32,6.27,4.99,5.81,2,4,6.13,0
67.35,6.37,5.07,6.29,1,5,1.17,0
86.88,8.89,7.38,8.17,5,5,7.4,0
72.61,4.55,6.03,7.29,4,2,7.41,0
61.23,5.67,8.66,5.27,2,2,2.04,0
72.62,8.66,4.45,9.16,4,5,6.13,0
57.04,8.77,6.56,3.3,3,1,6.12,0
58.82,5.69,8.59,9.96,5,5,7.14,0
74.92,6.21,8.52,2.95,5,5,1.77,0
70.95,5.12,4.78,2.12,2,2,6.64,0
95.74,9.53,5.83,9.12,5,3,3.53,0
68.12,3.83,7.1,3.96,3,4,5.56,0
79.03,9.54,4.8,7.84,5,2,7.96,0
81.61,7.79,8.84,8.49,1,1,7.35,0
50.65,6.72,8.57,8.87,4,4,2.07,0
83.18,3.23,4.83,9.93,3,2,6.32,0
58.9,6.33,4.61,4.35,3,2,9.72,0
98.05,5.85,4.43,7.68,4,3,2.41,0
57.43,4.13,8.55,2.92,4,1,8.68,0
70.73,7.59,4.97,5.25,3,1,7.32,0
54.27,9.8,6.08,8.78,4,2,7.97,0
99.84,6.94,6.24,4.94,2,3,3.54,0
75.11,8.0,7.0,6.73,4,2,3.59,0
79.77,3.48,4.36,6.03,1,5,9.15,0
53.35,5.92,5.13,7.17,1,5,4.24,0
87.5,3.81,8.66,9.78,2,3,1.57,0
60.5,7.29,8.54,2.45,4,2,6.41,0
94.9,9.57,7.91,6.59,1,3,2.12,0
60.26,7.63,4.1,8.9,5,2,8.17,0
59.53,3.54,5.64,5.85,4,2,6.78,0
51.83,5.48,7.14,2.63,2,5,8.87,0
73.6,6.85,5.38,6.48,4,4,8.06,0
78.24,5.82,8.55,4.66,3,1,2.01,0
53.29,8.84,7.17,3.24,3,1,4.43,0
88.78,8.7,4.36,8.79,1,3,7.97,0
72.66,7.28,8.55,6.17,3,1,4.76,0
76.22,5.61,8.79,9.47,2,5,9.75,0
72.04,4.79,4.39,8.45,1,4,7.62,0
70.04,3.74,6.66,7.54,2,2,1.14,0
77.98,5.48,5.52,2.04,2,2,8.92,0
57.76,5.89,5.96,5.42,3,5,1.91,0
59.1,7.73,4.9,3.58,3,1,2.26,0
93.09,7.61,6.89,9.29,2,2,7.61,0
97.31,3.49,8.79,3.4,3,1,8.78,0
68.67,5.77,6.52,4.29,3,5,5.83,0
63.54,4.27,4.41,6.13,3,2,3.6,0
82.2,4.1,7.1,4.11,4,3,4.16,0
70.44,8.79,5.7,3.68,2,4,4.09,0
51.27,3.29,8.28,6.79,5,1,3.94,0
57.81,5.93,6.17,2.71,2,1,3.19,0
85.8,4.18,4.96,2.47,1,1,6.48,0
82.95,9.16,4.96,4.98,3,1,9.1,0
51.35,6.9,7.84,7.77,3,5,3.76,0
61.1,4.62,5.33,6.44,5,5,2.68,0
61.55,6.52,7.84,5.38,1,5,8.55,0
83.59,8.12,5.03,6.53,4,5,7.68,0
50.99,9.71,5.61,4.92,2,2,9.38,0
55.21,4.54,6.33,9.49,4,5,2.49,0
90.0,9.2,8.72,2.44,1,2,2.3,0
58.93,9.54,8.66,7.39,5,3,5.87,0
82.64,9.41,5.03,9.13,1,5,6.53,0
61.91,7.45,5.79,8.43,5,3,5.32,0
54.97,7.41,4.75,3.47,4,5,6.39,0
62.16,5.82,6.55,4.37,4,3,2.62,0
86.11,8.27,6.3,7.74,1,4,5.32,0
92.78,6.72,8.5,2.67,1,3,6.92,0
91.51,7.74,8.65,8.49,3,2,4.89,0
69.86,6.0,5.92,7.75,5,1,7.12,0
83.4,8.12,6.46,7.84,3,3,5.06,0
60.25,8.77,8.48,2.8,2,1,4.0,0
64.66,4.03,8.03,7.74,2,4,3.73,0
94.82,8.83,4.02,7.44,1,4,4.7,0
50.65,6.78,5.6,8.65,4,2,1.21,0
54.28,8.91,6.11,2.33,2,2,7.02,0
60.39,6.02,5.15,2.18,2,3,8.61,0
51.33,5.65,5.0,4.98,3,5,4.19,0
59.07,9.41,4.19,3.19,3,4,1.41,0
79.15,4.76,7.22,6.47,2,1,9.88,0
71.07,8.91,5.31,9.34,1,5,3.37,0
94.63,6.39,4.26,5.13,3,4,2.14,0
90.87,6.6,5.15,8.76,2,3,4.33,0
67.09,5.16,8.01,2.0,4,4,7.65,0
62.97,7.01,8.26,3.35,3,2,3.65,0
68.98,5.28,6.42,2.24,2,1,6.17,0
79.51,3.27,6.08,4.63,5,1,4.74,0
63.4,4.9,8.89,9.27,3,2,2.06,0
81.21,3.04,5.0,2.78,5,5,3.97,0
70.47,9.85,5.08,6.85,3,2,7.52,0
77.6,9.76,5.46,5.61,3,1,6.51,0
71.81,5.77,4.86,9.51,5,3,2.08,0
64.72,8.1,5.9,2.98,1,5,2.47,0
97.42,5.42,8.55,3.7,2,4,6.77,0
88.18,7.7,7.08,2.24,1,3,8.32,0
57.01,8.64,6.06,5.47,1,5,4.15,0
93.42,9.63,8.67,4.22,2,1,6.36,0
74.37,5.8,4.24,8.96,4,1,2.54,0
94.73,8.48,5.05,6.84,1,3,3.8,0
89.99,4.86,6.83,6.91,1,5,1.18,0
71.26,9.93,7.08,6.26,1,4,7.91,0
51.12,3.18,4.2,2.73,4,4,4.61,0
63.43,7.22,6.02,5.56,3,2,8.35,0
77.08,7.62,7.25,10.0,5,3,7.38,0
81.67,7.82,7.49,8.68,5,5,8.46,0
62.89,3.84,7.19,9.15,4,3,3.57,0
56.97,9.57,5.6,8.59,1,4,2.67,0
91.75,4.27,4.47,2.82,5,5,9.75,0
99.22,7.36,6.14,3.82,4,1,7.46,0
76.28,4.56,4.64,2.02,2,1,8.51,0
58.58,5.15,8.74,4.43,5,5,1.12,0
63.62,6.83,6.38,2.87,2,3,4.19,0
50.92,5.92,5.59,5.78,1,3,7.69,0
95.71,4.12,7.83,7.42,5,1,1.7,0
55.89,4.2,6.49,9.0,4,1,6.11,0
78.83,5.93,5.55,7.99,3,4,4.86,0
63.7,8.3,8.06,9.51,5,5,1.16,0
77.71,9.29,8.34,2.43,5,3,3.12,0
82.57,3.59,7.37,2.1,5,4,3.56,0
91.49,5.75,4.23,7.29,5,3,2.01,0
60.32,3.7,6.83,4.31,4,1,6.68,0
50.55,3.12,7.82,4.03,4,5,3.18,0
56.84,7.63,4.68,4.65,3,2,3.5,0
95.0,7.22,5.14,4.16,4,5,9.08,0
93.69,4.14,8.41,6.09,4,2,5.2,0
79.87,4.64,4.1,5.52,1,4,4.53,0
80.03,3.17,7.76,6.1,1,2,7.51,0
83.25,8.84,6.37,7.38,2,2,9.19,0
58.77,9.82,6.23,5.1,3,4,1.23,0
95.72,3.95,4.04,4.01,1,5,5.03,0
70.94,4.62,8.1,3.33,3,4,6.5,0
69.16,9.08,5.8,4.8,3,1,3.87,0
75.95,9.49,6.7,7.93,5,1,7.95,0
52.35,5.94,7.39,8.05,3,2,9.74,0
58.31,3.35,7.51,7.34,5,4,9.49,0
86.9,3.28,8.78,3.87,2,4,3.39,0
54.14,7.02,6.66,6.7,2,4,3.04,0
80.16,5.75,6.0,6.57,2,5,9.62,0
62.27,3.2,8.77,5.87,5,3,5.13,0
69.46,7.08,7.21,6.4,5,3,2.87,0
64.43,3.08,5.49,5.93,2,3,7.36,0
67.78,8.51,4.63,6.52,5,5,3.56,0
85.95,5.15,8.21,7.72,4,4,3.41,0
64.86,3.28,5.81,2.88,4,3,8.91,0
78.32,7.12,7.3,8.0,5,4,2.46,0
73.8,5.78,6.35,3.09,5,2,1.58,0
83.18,9.82,4.99,2.53,1,3,3.42,0
96.84,6.81,7.01,9.81,1,2,6.46,0
86.63,4.93,4.3,9.66,3,5,2.11,0
60.75,7.97,6.07,2.48,3,1,5.24,0
51.56,4.9,6.73,5.55,3,5,6.65,0
63.11,9.33,6.18,3.49,2,5,8.64,0
79.75,5.62,7.74,5.88,4,5,3.07,0
52.57,6.85,8.14,8.64,2,3,8.36,0
74.82,3.35,7.86,9.6,5,2,3.11,0
79.84,5.98,4.19,7.07,1,3,7.09,0
66.71,8.83,4.97,4.83,5,1,4.88,0
88.55,8.64,6.68,6.83,5,5,2.03,0
55.33,4.57,8.67,4.5,1,4,7.43,0
53.76,4.58,8.17,9.28,5,1,2.96,0
86.41,8.72,8.21,8.96,3,2,2.59,0
74.77,9.51,5.52,6.47,1,1,4.22,0
84.42,3.67,6.15,4.6,5,3,6.88,0
71.74,6.15,6.35,4.35,3,4,3.11,0
62.32,5.36,4.79,2.27,3,3,2.65,0
90.96,9.09,4.16,8.53,4,5,1.09,0
89.97,3.58,8.73,5.6,3,5,5.24,0
84.73,4.48,5.2,4.6,2,1,4.86,0
63.61,8.27,5.2,5.77,1,5,3.1,0
79.51,3.36,4.42,8.55,1,5,1.48,0
68.05,6.45,8.64,3.0,1,2,4.86,0
54.58,6.09,6.9,8.86,5,2,8.09,0
95.87,5.34,7.34,9.18,5,3,7.44,0
56.84,5.76,8.56,9.57,2,3,8.75,0
97.51,6.71,5.73,5.18,3,2,1.09,0
72.3,4.13,7.11,3.74,5,1,9.7,0
59.26,7.0,4.19,4.99,3,2,4.07,0
77.1,8.64,4.93,4.66,3,3,9.91,0
93.65,8.32,8.16,3.41,5,4,3.27,0
86.61,4.08,7.83,6.86,5,5,5.24,0
90.33,4.04,5.75,5.81,2,4,4.19,0
82.94,4.88,5.88,8.93,4,4,4.2,0
84.61,5.53,6.67,2.26,1,5,8.58,0
92.46,5.86,4.0,7.15,5,2,7.72,0
62.48,7.76,5.21,8.1,5,1,9.93,0
74.47,3.4,5.04,8.08,3,4,6.52,0
61.06,3.24,5.25,9.09,4,1,5.17,0
99.38,5.74,8.03,7.83,5,3,1.81,0
97.2,7.88,5.4,9.42,4,4,9.97,0
51.97,4.35,4.96,4.66,1,3,5.96,0
85.28,7.49,6.52,6.03,3,2,7.3,0
96.26,4.82,8.33,2.11,2,4,4.66,0
59.03,9.2,5.21,2.06,1,3,5.93,0
78.4,9.27,4.39,3.92,4,3,9.48,0
95.77,5.08,5.78,2.81,4,2,2.5,0
51.7,4.61,7.74,4.08,1,1,3.63,0
84.87,5.88,6.75,3.42,4,1,2.37,0
64.87,4.68,8.08,2.23,2,4,8.13,0
96.22,7.71,8.8,9.27,2,2,1.56,0
98.55,8.78,7.96,2.07,4,4,1.73,0
97.21,7.71,7.02,7.89,4,1,3.69,0
73.71,8.77,6.47,3.22,2,2,5.63,0
93.1,5.78,4.2,9.3,4,5,4.66,0
92.23,4.09,8.92,9.14,5,2,1.4,0
65.96,8.17,5.92,7.23,3,2,9.62,0
91.45,5.52,4.76,7.38,5,5,9.58,0
51.85,7.7,7.33,2.04,4,3,3.51,0
79.81,4.89,5.42,9.88,4,3,7.58,0
61.5,3.57,6.93,9.02,3,3,6.21,0
56.03,9.95,6.93,9.16,4,1,3.14,0
53.85,4.09,6.23,7.27,3,2,3.36,0
84.81,9.92,8.18,4.76,2,5,5.42,0
66.99,9.84,5.32,9.15,3,1,4.77,0
86.24,8.56,6.24,4.33,3,5,3.62,0
53.27,7.62,6.69,6.5,5,1,8.27,0
65.76,7.04,7.32,2.8,4,1,5.33,0
76.97,9.06,7.92,9.38,2,1,6.89,0
89.54,5.03,5.97,3.13,1,5,2.7,0
65.94,6.27,7.23,3.8,3,4,5.8,0
81.29,7.34,4.75,6.47,1,1,3.86,0
94.3,5.88,8.66,8.11,4,3,5.74,0
80.79,5.99,5.92,6.95,3,2,8.03,0
61.65,5.31,7.65,3.86,1,4,7.92,0
51.22,6.95,4.1,2.01,5,4,4.19,0
93.5,8.95,5.03,8.06,1,5,7.25,0
51.06,4.41,6.44,9.88,5,4,9.47,0
93.74,9.54,8.39,8.48,2,5,6.63,0
76.45,7.82,6.64,5.68,4,5,2.34,0
96.95,8.76,8.65,9.23,1,3,7.12,0
89.94,6.89,6.42,5.28,3,1,1.94,0
99.9,8.46,6.45,6.2,4,4,8.85,0
67.54,3.11,4.6,5.82,1,1,5.65,0
88.36,8.73,8.01,5.58,3,1,4.47,0
70.1,3.28,5.23,8.2,3,1,1.51,0
73.99,9.23,8.5,6.21,3,5,4.43,0
81.38,9.94,8.55,4.53,3,1,9.13,0
93.68,5.06,8.72,4.07,1,4,1.19,0
99.2,4.47,6.6,2.3,2,5,5.27,0
88.41,8.36,7.39,6.67,5,4,9.38,0
70.89,4.77,7.89,3.84,5,5,4.55,0
71.07,9.06,4.66,3.19,5,2,4.85,0
86.88,3.72,7.0,7.23,2,2,6.21,0
61.94,3.88,4.17,7.45,3,2,5.17,0
55.52,9.85,6.49,8.02,3,2,2.52,0
67.73,7.72,4.77,6.03,4,5,1.17,0
64.36,8.93,4.91,9.15,5,1,6.49,0
64.82,5.27,5.83,9.49,5,3,9.29,0
61.68,7.74,6.16,8.46,3,3,1.96,0
52.1,7.16,7.12,7.08,5,2,2.9,0
50.89,7.22,4.37,4.43,3,1,4.33,0
99.39,7.78,6.52,9.86,3,4,8.28,0
71.39,7.03,4.91,4.19,3,1,3.42,0
69.22,6.0,6.87,3.62,1,4,8.94,0
83.98,4.93,7.19,5.54,1,3,1.49,0
60.91,8.38,6.78,2.45,1,1,9.47,0
97.5,4.58,7.69,9.83,1,1,6.05,0
89.32,7.85,5.68,6.71,2,3,6.93,0
54.47,4.63,7.83,6.46,4,1,4.31,0
70.88,7.38,6.16,7.25,4,4,8.04,0
93.96,8.23,6.42,5.98,3,1,2.5,0
97.24,4.53,7.24,2.26,5,4,1.44,0
73.37,3.42,4.09,6.9,1,2,4.56,0
80.67,3.92,7.27,7.73,4,1,8.68,0
58.35,7.24,7.09,5.33,4,4,7.79,0
99.56,8.95,5.55,8.06,1,3,5.65,0
61.58,3.31,4.43,3.82,2,2,6.15,0
97.14,8.14,4.45,3.77,2,1,2.17,0
82.48,5.39,8.62,3.29,4,4,8.57,0
80.39,6.35,7.45,4.98,2,1,8.08,0
75.63,9.5,4.64,8.78,1,4,6.91,0
61.53,5.32,5.78,8.62,4,1,5.2,0
58.83,6.26,6.96,5.06,1,2,9.68,0
61.02,3.1,8.18,6.71,2,2,8.91,0
59.32,3.57,4.22,7.77,1,1,6.8,0
88.98,4.81,5.18,3.93,2,1,4.35,0
67.51,3.19,8.45,3.35,2,5,6.56,0
52.89,7.42,4.05,9.78,1,1,6.18,0
98.46,5.98,5.01,6.94,2,1,4.55,0
94.19,6.84,8.8,9.85,3,2,3.76,0
96.39,4.22,7.07,4.7,1,1,4.66,0
99.75,5.07,5.31,7.62,3,3,6.17,0
58.69,7.65,4.33,3.78,1,1,4.85,0
69.81,9.76,4.14,4.09,2,5,3.37,0
87.91,3.35,5.22,6.1,2,4,7.85,0
84.8,9.23,8.41,4.56,4,2,5.78,0
57.69,7.04,6.08,3.34,4,3,1.61,0
90.79,6.95,7.6,4.1,3,4,4.31,0
61.22,6.5,8.59,2.29,2,3,8.96,0
61.19,3.49,6.04,7.64,4,2,7.8,0
76.85,3.63,4.96,5.94,2,5,3.91,0
79.65,7.21,6.59,2.75,1,2,9.44,0
79.0,5.39,8.54,3.37,4,3,1.69,0
54.57,9.42,8.02,2.82,3,3,9.65,0
93.87,5.85,4.33,6.9,4,2,3.21,0
63.28,4.0,7.46,2.75,2,1,1.08,0
56.48,8.0,6.86,8.03,5,2,4.9,0
94.44,5.05,8.54,2.16,5,5,4.23,0
97.78,6.68,4.61,4.0,2,2,5.85,0
93.11,7.88,6.67,9.13,1,4,8.17,0
90.48,9.3,8.4,7.75,4,1,8.58,0
82.76,8.55,6.05,2.58,5,4,4.61,0
77.54,7.73,6.41,8.57,1,2,4.87,0
54.35,7.76,4.35,5.94,2,1,2.33,0
70.42,9.62,5.39,8.77,1,4,1.43,0
68.63,5.07,5.62,6.81,2,4,6.77,0
62.99,3.01,8.73,7.45,4,1,1.58,0
86.17,4.9,5.41,9.95,1,1,7.6,0
74.79,4.53,6.3,3.86,4,3,5.85,0
54.05,7.63,7.36,6.99,1,1,2.79,0
61.01,7.44,4.81,5.68,2,2,5.86,0
84.16,7.15,6.43,2.32,2,5,2.65,0
53.81,3.11,7.69,2.12,1,3,4.95,0
92.56,8.1,8.33,2.95,2,1,8.2,0
74.76,5.26,7.13,7.19,3,5,5.16,0
74.03,7.66,7.35,6.54,3,3,2.34,0
79.62,6.9,4.63,6.43,4,2,7.51,0
91.23,5.4,8.73,2.25,3,5,2.68,0
67.39,3.94,4.66,5.75,3,1,7.65,0
83.9,3.66,7.87,9.4,5,1,5.31,0
78.29,8.82,5.32,5.18,5,2,5.08,0
63.35,9.43,8.67,7.0,5,3,8.66,0
93.93,7.55,7.6,8.24,5,5,7.38,0
89.87,3.72,7.77,8.27,2,2,1.3,0
82.92,5.81,5.1,6.15,4,3,3.67,0
92.53,8.1,6.22,8.86,4,4,8.84,0
93.36,8.46,7.09,5.13,3,4,1.16,0
85.42,3.83,7.85,9.11,4,3,5.91,0
91.85,3.0,4.52,3.92,3,1,7.55,0
84.87,7.98,8.81,4.24,4,1,6.6,0
84.01,5.5,8.45,2.42,1,4,7.84,0
80.93,4.78,5.35,8.36,1,1,7.53,0
87.64,3.09,8.11,5.34,4,1,7.23,0
57.93,6.78,6.59,3.83,2,3,8.39,0
94.04,8.96,6.31,3.85,3,3,6.81,0
93.59,9.7,5.57,9.21,4,1,4.62,0
51.46,6.96,6.9,8.67,3,3,5.25,0
91.29,6.6,7.65,6.43,5,5,7.45,0
56.44,3.6,6.05,6.93,4,4,8.89,0
66.76,6.84,7.15,5.79,2,5,3.45,0
87.18,5.66,7.5,5.13,5,5,4.08,0
58.04,7.25,7.56,9.32,4,1,9.38,0
90.9,5.72,4.26,3.0,1,1,6.21,0
91.61,4.68,8.3,5.35,4,5,2.61,0
75.37,3.66,6.29,4.76,1,5,6.97,0
50.32,5.2,5.31,5.99,1,2,9.92,0
64.35,3.68,5.21,5.66,4,2,8.41,0
80.85,4.24,6.42,6.15,4,4,7.71,0
99.06,9.91,8.43,3.12,1,5,2.87,0
81.59,6.11,5.89,6.11,3,3,8.89,0
62.99,6.72,7.75,3.94,5,2,5.73,0
81.7,9.12,4.48,3.47,2,1,9.0,0
77.0,9.97,6.38,2.52,4,5,3.97,0
88.99,7.08,8.96,8.1,5,3,1.56,0
55.35,8.69,7.85,5.42,5,3,5.28,0
88.05,5.29,5.05,7.01,3,3,3.43,0
77.06,5.14,6.51,7.82,5,1,7.44,0
98.15,5.82,5.17,7.43,4,2,9.61,0
67.09,7.71,6.05,5.76,5,3,7.22,0
81.63,7.78,7.9,5.1,4,2,8.98,0
96.6,5.21,7.86,5.01,4,4,5.08,0
55.13,3.93,5.14,7.12,1,1,7.94,0
96.86,7.43,8.61,5.96,3,2,8.59,0
84.39,3.9,6.96,8.79,2,2,7.4,0
53.39,7.05,5.9,9.0,1,3,5.57,0
65.05,7.85,6.51,3.36,2,3,6.63,0
85.41,7.9,7.03,3.09,4,1,7.3,0
53.37,8.27,6.8,7.04,1,2,3.28,0
79.11,9.11,6.43,4.41,5,5,8.29,0
67.29,6.5,6.52,2.15,5,3,9.55,0
81.05,8.11,4.88,9.11,2,3,5.19,0
52.29,7.33,8.06,3.82,4,4,7.31,0
93.58,4.31,6.71,9.43,2,1,7.63,0
98.67,3.18,4.66,7.74,3,2,6.96,0
98.44,4.99,7.83,8.1,5,2,5.92,0
87.48,6.1,8.66,3.61,1,2,8.93,0
56.5,7.32,8.74,3.87,1,3,5.04,0
87.91,8.95,5.85,6.17,1,1,1.55,0
51.23,4.37,4.68,3.38,5,2,8.6,0
51.11,3.88,6.59,4.44,4,5,7.07,0
66.18,9.74,4.56,4.57,5,4,8.64,0
74.43,3.76,8.67,3.28,5,4,2.25,0
88.52,6.35,4.92,3.64,1,2,1.28,0
84.16,7.1,5.26,8.31,5,3,9.41,0
72.3,6.79,6.03,3.34,1,4,2.33,0
63.68,3.6,5.92,2.23,4,4,8.29,0
99.86,3.4,7.97,7.03,3,4,8.41,0
71.31,3.74,6.28,9.81,1,4,7.38,0
72.57,7.1,4.85,4.65,2,2,2.18,0
58.18,6.81,5.34,2.95,3,1,7.01,0
89.74,4.64,6.55,6.56,4,1,9.0,0
84.68,7.46,4.74,9.25,3,3,4.83,0
61.04,8.74,7.06,8.27,1,5,4.72,0
54.12,3.29,6.83,6.98,4,1,4.99,0
84.02,6.49,7.57,4.52,2,5,1.74,0
82.73,7.83,8.69,6.34,1,1,9.03,0
63.66,4.77,8.56,2.73,1,1,8.82,0
97.54,5.15,8.73,7.43,4,3,9.98,0
57.55,7.3,5.22,7.8,4,4,6.27,0
71.62,9.29,4.66,9.72,3,3,7.76,0
97.18,8.67,5.51,4.08,2,1,2.82,0
70.99,7.08,8.48,2.15,3,4,7.01,0
81.93,8.11,8.86,6.36,3,4,6.85,0
69.88,5.55,8.3,7.65,1,4,9.11,0
63.71,7.49,4.55,8.32,4,5,8.48,0
99.2,6.26,8.74,3.55,1,1,9.45,0
70.47,4.33,6.12,4.09,2,2,8.82,0
94.7,7.91,4.05,6.1,3,3,8.82,0
61.5,6.9,6.21,4.64,2,5,1.57,0
60.66,5.51,4.23,8.88,4,3,8.61,0
51.56,9.38,6.72,5.79,4,2,6.47,0
82.58,3.15,5.69,8.4,5,4,4.42,0
68.43,5.21,6.37,6.64,2,2,1.51,0
93.22,3.4,7.07,8.18,1,3,7.1,0
73.66,8.37,8.34,4.66,2,2,3.95,0
98.41,7.91,7.31,8.65,3,1,5.21,0
59.28,5.32,6.17,4.2,4,2,7.14,0
93.43,7.73,8.1,6.37,4,1,9.21,0
88.83,5.77,8.53,3.71,2,2,8.43,0
88.55,8.29,4.6,5.8,2,1,5.06,0
92.24,6.18,6.66,4.55,2,1,4.49,0
88.05,5.89,5.42,4.13,3,2,3.16,0
81.31,9.54,4.24,9.74,3,5,4.35,0
56.56,4.76,7.34,3.28,1,4,2.0,0
51.63,3.84,8.31,8.3,2,4,9.74,0
96.04,7.09,4.81,9.87,1,4,6.17,0
80.83,9.79,8.06,2.16,5,1,2.15,0
89.83,5.64,8.27,7.59,3,4,4.18,0
74.08,3.43,8.57,4.02,4,1,5.92,0
55.87,5.38,5.33,2.32,5,5,5.8,0
56.26,6.54,8.52,5.22,4,2,1.32,0
84.28,4.13,5.6,9.48,5,2,9.56,0
71.52,7.61,6.76,2.09,1,1,3.48,0
60.03,9.98,4.25,6.7,1,1,1.15,0
74.58,6.16,4.22,6.01,3,5,1.69,0
53.21,5.48,7.6,8.99,4,4,6.22,0
79.1,5.8,6.22,2.67,5,5,2.24,0
63.45,3.81,5.28,7.45,2,2,1.38,0
89.88,9.18,4.95,7.44,2,2,4.42,0
65.52,5.9,7.35,7.35,3,4,6.6,0
72.76,5.71,4.0,9.54,4,2,2.01,0
50.58,7.62,8.03,8.58,2,1,3.82,0
53.62,6.09,4.4,2.34,3,2,4.76,0
69.62,7.54,4.96,5.77,3,3,2.44,0
74.0,3.43,5.93,5.18,4,4,5.55,0
80.0,8.7,6.42,4.48,2,4,1.77,0
64.58,9.58,5.77,5.61,2,4,1.42,0
84.75,7.54,5.6,5.07,2,3,5.68,0
93.01,9.68,8.82,5.46,1,5,3.23,0
88.99,4.06,7.21,9.83,2,1,1.86,0
51.98,6.34,4.12,2.71,5,4,4.82,0
74.03,7.21,6.15,9.38,1,2,9.24,0
55.25,7.07,8.38,5.84,1,1,7.52,0
62.1,5.81,5.51,6.99,1,2,8.34,0
99.33,5.37,4.47,8.64,1,1,8.85,0
57.12,3.89,7.79,4.88,3,1,9.75,0
74.94,5.74,7.03,5.44,5,2,7.87,0
80.91,4.14,6.85,5.28,4,2,6.48,0
85.12,8.14,4.27,5.0,2,1,4.29,0
77.98,4.46,4.7,9.4,1,4,2.63,0
50.49,3.41,7.11,8.63,4,2,7.18,0
66.32,6.87,5.04,2.87,3,3,9.95,0
75.89,7.17,6.52,2.86,4,3,5.21,0
54.39,9.1,6.72,5.42,1,1,7.51,0
67.53,7.04,5.42,2.79,5,5,5.46,0
51.66,5.42,8.74,6.95,4,1,4.89,0
53.93,8.62,8.21,3.15,1,1,4.69,0
69.85,6.78,7.61,6.18,1,4,5.54,0
56.64,3.55,4.39,2.06,2,4,4.3,0
78.38,6.96,4.53,4.53,2,5,7.74,0
84.47,9.36,6.46,7.42,5,5,8.87,0
90.03,5.77,4.8,5.87,2,5,8.95,0
60.01,5.07,8.89,9.83,5,5,3.05,0
58.37,4.0,4.79,8.99,3,5,9.06,0
55.23,4.06,6.44,4.87,3,1,4.07,0
81.82,6.03,5.82,2.36,2,1,3.78,0
85.32,7.17,7.2,8.77,3,3,7.54,0
51.58,3.56,4.65,9.29,4,3,3.74,0
96.81,9.58,6.15,8.57,4,2,1.48,0
52.6,8.29,5.37,3.02,4,1,4.36,0
77.06,7.11,8.44,9.98,3,5,7.49,0
85.45,8.8,4.2,4.07,4,2,3.94,0
93.55,3.56,8.57,7.79,5,4,6.67,0
85.7,6.34,8.16,9.26,1,1,6.94,0
90.09,7.41,5.49,3.89,2,3,7.6,0
66.97,8.8,7.95,9.27,5,1,9.07,0
90.74,8.48,4.16,4.48,4,1,4.89,0
54.01,4.94,8.83,9.81,1,1,2.5,0
94.74,9.59,6.63,4.25,2,1,3.87,0
77.38,3.87,5.52,9.63,5,4,4.89,0
90.86,9.13,5.81,2.43,2,3,7.43,0
72.62,9.8,4.33,7.67,3,1,1.12,0
82.18,4.24,8.95,6.26,4,4,3.84,0
76.32,8.05,4.2,5.82,5,2,8.02,0
86.58,3.28,7.27,3.79,5,1,7.04,0
54.08,5.84,6.21,7.64,1,4,7.59,0
53.02,6.61,8.74,3.53,1,5,8.31,0
62.36,7.06,5.23,6.42,1,2,8.05,0
57.98,9.55,6.66,4.03,2,3,7.14,0
93.59,7.71,6.41,9.64,4,1,4.96,0
60.96,6.37,7.51,2.23,2,1,9.85,0
98.79,8.67,4.34,3.6,4,4,6.12,0
66.84,9.65,4.97,3.94,5,3,2.82,0
59.11,3.15,5.07,5.31,2,5,3.64,0
89.48,9.88,7.69,3.86,2,2,7.24,0
82.94,3.6,4.95,5.93,2,3,9.32,0
74.91,8.7,6.87,8.98,3,1,2.61,0
77.77,4.96,5.08,7.7,4,4,1.74,0
85.96,3.93,8.31,6.64,4,5,8.93,0
61.42,6.08,8.71,2.71,2,4,9.24,0
99.82,7.51,6.59,7.55,3,2,3.49,0
98.74,5.67,5.76,3.33,2,3,4.4,0
82.52,3.38,5.17,8.29,4,4,6.94,0
59.98,7.2,4.25,4.0,5,4,3.97,0
84.01,9.32,5.34,5.34,3,1,8.89,0
53.61,5.68,7.27,4.8,3,4,1.97,0
51.53,4.51,6.67,8.87,2,5,1.34,0
62.88,6.1,8.72,3.01,5,3,2.88,0
73.13,3.34,5.98,6.53,4,2,3.57,0
93.41,8.74,7.47,3.14,1,4,2.02,0
86.36,8.78,6.45,7.64,4,5,1.59,0
87.14,7.12,6.56,9.24,4,2,7.8,0
71.27,5.47,5.34,5.48,5,5,2.48,0
67.3,8.6,6.27,5.9,3,4,9.23,0
68.55,6.88,6.35,9.42,4,4,4.31,0
99.38,8.78,7.53,6.17,3,3,7.04,0
52.01,7.42,8.7,5.9,5,1,3.03,0
93.35,8.49,5.65,6.63,5,5,3.16,0
78.93,7.19,4.21,7.51,2,1,6.17,0
71.93,5.9,6.48,2.86,1,1,6.05,0
86.26,9.71,6.72,8.57,5,2,7.92,0
74.33,6.79,4.84,5.48,5,2,7.82,0
93.67,7.24,7.8,2.58,3,5,7.04,0
95.04,4.54,8.92,8.29,5,1,5.04,0
71.09,7.38,8.73,5.02,4,3,9.02,0
63.84,7.0,4.99,2.8,2,1,6.6,0
79.62,4.29,8.38,7.07,2,2,9.91,0
95.62,3.42,7.52,9.04,4,1,8.37,0
60.53,7.23,6.27,9.1,5,4,1.4,0
81.15,8.35,6.7,9.66,1,4,3.89,0
81.58,6.66,8.25,8.94,5,3,6.15,0
86.66,4.59,6.4,2.02,2,5,7.49,0
56.58,7.67,5.87,5.04,1,1,5.95,0
85.79,3.56,6.47,8.55,3,4,8.08,0
95.45,6.09,6.9,4.93,3,5,3.54,0
58.98,4.14,4.95,6.81,5,4,2.66,0
61.88,4.29,8.5,6.85,5,5,1.49,0
98.57,4.42,7.37,4.92,1,5,6.16,0
59.05,5.71,7.17,9.24,1,4,7.2,0
92.72,3.36,4.5,6.03,5,2,3.94,0
74.61,5.78,7.02,5.72,2,5,6.52,0
62.36,6.58,4.6,9.98,3,1,1.47,0
93.54,6.38,4.39,5.95,1,4,1.89,0
72.27,5.68,6.64,3.43,2,2,7.32,0
75.74,8.87,6.01,6.1,5,4,4.31,0
67.96,4.02,6.94,8.51,4,3,7.04,0
79.65,6.54,4.45,8.21,1,1,8.49,0
58.18,3.43,6.15,8.31,4,3,8.67,0
69.55,3.5,4.87,7.66,2,5,2.55,0
98.47,7.02,8.94,4.03,3,5,5.38,0
62.91,6.96,6.81,8.9,2,3,7.61,0
82.84,9.15,7.44,9.15,3,3,7.97,0
66.26,6.91,5.63,3.55,2,5,8.06,0
88.67,9.72,4.47,3.04,1,2,3.05,0
56.54,3.34,8.88,9.8,1,1,2.73,0
98.49,3.69,5.43,8.95,4,4,6.31,0
72.69,3.31,6.12,9.15,2,3,7.67,0
61.8,4.3,7.25,9.09,2,1,3.87,0
53.67,6.79,4.12,6.33,4,4,1.94,0
58.49,7.52,8.05,7.17,5,4,7.45,0
75.99,3.32,6.68,6.36,2,3,3.7,0
66.85,9.62,5.39,2.41,2,2,2.5,0
91.44,8.9,4.31,7.96,2,2,2.33,0
71.54,5.08,4.81,6.04,5,1,3.83,0
62.44,3.54,8.48,7.18,1,1,6.33,0
80.86,4.19,7.43,6.02,4,5,4.23,0
85.34,3.89,5.25,5.93,5,2,1.19,0
58.35,3.86,4.33,3.37,3,1,1.87,0
58.38,6.63,7.45,4.23,3,5,3.61,0
51.83,4.72,6.86,3.27,5,4,6.94,0
86.82,5.51,6.02,3.57,5,1,1.89,0
83.19,9.93,5.82,9.78,1,5,6.05,0
73.73,7.79,5.08,3.22,3,2,2.08,0
92.21,9.64,7.35,4.15,4,4,2.9,0
90.28,4.0,8.85,6.72,2,1,2.55,0
79.27,5.67,4.88,6.88,2,2,1.61,0
93.41,6.88,6.99,3.23,1,4,7.04,0
60.29,3.54,6.12,8.35,1,3,5.17,0
55.6,3.03,6.23,8.28,3,2,8.48,0
63.49,7.69,5.27,3.9,4,3,1.89,0
52.85,7.49,8.13,4.31,4,1,2.3,0
76.56,5.88,6.43,9.5,5,5,3.76,0
96.83,6.43,6.72,8.61,1,1,7.89,0
51.97,5.91,5.52,7.58,2,2,3.75,0
56.11,3.17,4.91,2.66,2,3,4.68,0
72.61,5.35,4.43,5.35,3,3,3.71,0
96.69,4.24,7.57,6.47,2,4,1.72,0
65.81,3.69,4.98,3.5,4,1,9.45,0
75.36,9.7,7.45,5.59,4,1,5.94,0
52.08,7.2,5.95,6.81,1,2,8.09,0
57.42,8.1,6.08,4.62,3,3,6.93,0
99.33,5.21,6.35,8.25,2,2,5.63,0
98.26,5.75,5.84,8.72,1,2,1.81,0
50.25,4.66,4.5,4.59,5,3,6.78,0
97.59,3.68,5.55,8.71,5,2,2.4,0
81.96,4.25,7.32,2.83,2,3,4.73,0
93.4,8.58,7.33,8.7,2,2,6.66,0
72.74,7.74,5.43,3.22,2,5,8.04,0
75.78,6.83,6.3,2.66,4,2,7.17,0
74.44,6.33,4.97,7.13,2,2,7.04,0
83.34,9.46,5.05,5.78,5,5,2.34,0
56.98,3.51,4.12,9.26,2,1,4.12,0
51.5,4.96,8.48,4.91,3,3,1.39,0
65.4,5.45,5.05,4.3,5,4,7.48,0
85.23,8.48,5.14,6.01,3,5,9.57,0
60.09,9.95,5.4,5.65,5,1,3.38,0
83.67,4.68,4.64,4.76,1,2,1.79,0
98.5,9.12,7.2,7.55,5,1,5.28,0
54.7,8.81,4.38,8.08,5,5,8.71,0
83.63,4.57,4.67,8.82,3,2,5.97,0
72.19,5.8,7.22,9.78,3,1,1.42,0
93.41,5.87,5.7,4.13,5,4,9.77,0
58.86,9.85,7.54,7.73,5,3,8.46,0
84.63,4.27,6.79,5.15,4,3,2.18,0
91.91,8.59,5.28,7.42,1,5,9.3,0
97.23,5.34,7.25,5.81,1,2,5.06,0
84.16,8.12,4.58,9.95,2,2,4.35,0
74.86,5.94,6.68,7.83,5,3,5.15,0
80.89,7.05,6.19,9.62,5,1,8.51,0
93.45,8.83,5.34,8.68,5,2,6.94,0
78.53,8.63,7.02,9.22,5,4,1.53,0
51.52,9.06,8.36,8.52,1,4,9.62,0
96.55,3.42,8.99,5.67,3,2,2.33,0
84.48,7.84,7.04,4.01,4,2,7.71,0
83.83,3.98,6.02,4.96,3,3,6.73,0
60.78,5.91,5.13,2.16,3,5,2.69,0
82.94,6.84,5.29,6.19,1,3,2.54,0
69.69,5.82,6.4,6.04,4,5,8.83,0
82.56,6.64,5.84,6.2,5,4,4.78,0
55.33,9.98,8.57,9.79,1,5,6.89,0
82.89,3.95,5.84,9.29,1,3,5.54,0
99.97,7.73,5.87,3.29,4,2,7.55,0
52.41,5.77,5.92,4.95,2,5,5.31,0
98.86,3.93,8.18,5.39,1,3,3.59,0
70.35,4.11,7.25,4.88,3,4,4.27,0
93.54,9.64,7.07,8.39,3,5,8.73,0
89.12,9.16,5.67,6.19,5,4,5.21,0
78.35,9.35,8.09,6.58,1,4,2.92,0
86.92,9.94,4.19,8.82,5,1,9.41,0
93.93,4.46,8.35,8.45,1,5,8.17,0
70.21,5.49,6.56,3.06,4,3,1.5,0
66.35,7.68,5.99,7.71,1,5,9.99,0
83.38,6.39,6.49,5.48,2,5,7.25,0
90.39,5.93,7.34,4.36,3,4,2.44,0
88.11,5.5,4.06,2.4,4,4,3.13,0
89.89,7.16,8.36,5.9,3,4,7.23,0
71.78,7.03,6.23,4.84,5,4,8.02,0
90.89,4.13,5.71,4.01,4,3,3.15,0
56.01,6.3,4.69,7.56,2,2,3.31,0
77.22,6.87,6.2,8.16,3,1,3.76,0
50.29,6.99,6.48,3.96,1,4,6.38,0
66.23,4.47,6.02,2.4,1,4,2.55,0
68.32,8.2,7.39,8.79,1,1,1.94,0
69.81,3.18,6.1,2.08,4,4,7.11,0
84.77,5.48,8.81,9.5,2,2,8.01,0
69.43,8.46,7.0,7.02,2,5,5.51,0
72.43,6.95,8.04,4.57,2,1,4.27,0
61.88,4.83,4.55,3.97,3,3,4.89,0
68.66,7.86,5.99,2.07,4,1,4.5,0
61.36,6.97,5.68,3.88,1,2,9.64,0
53.66,8.57,6.85,3.1,3,3,7.91,0
80.17,8.15,8.31,6.9,2,5,2.87,0
83.41,7.27,4.39,3.33,1,4,4.46,0
80.97,6.42,4.36,6.23,4,1,5.9,0
73.17,3.93,8.25,6.72,5,3,6.52,0
68.99,4.83,5.06,4.38,2,1,5.21,0
93.17,5.93,7.34,2.28,2,5,8.29,0
75.95,7.2,6.71,2.3,2,1,7.91,0
73.96,6.6,8.16,2.21,2,3,5.55,0
51.28,5.02,4.63,7.91,1,2,8.69,0
67.06,3.05,4.65,4.54,4,3,7.76,0
69.01,6.47,6.78,8.37,3,1,8.01,0
69.94,5.0,8.73,5.45,1,5,9.61,0
79.01,8.14,6.07,5.62,4,4,3.4,0
76.68,3.17,5.63,6.1,3,4,3.41,0
80.4,7.09,7.03,7.7,2,5,9.0,0
88.24,9.59,8.65,4.19,4,1,7.95,0
90.65,4.22,8.18,2.97,2,5,9.34,0
85.91,6.3,8.98,6.45,4,1,1.57,0
97.78,3.64,4.11,4.62,5,3,6.65,0
50.91,7.38,4.56,5.54,2,2,2.3,0
59.79,6.85,7.05,7.18,2,1,5.54,0
50.38,5.85,8.1,5.95,2,4,2.4,0
82.37,6.65,5.43,6.96,1,4,2.15,0
94.9,9.28,5.2,6.35,3,2,1.11,0
62.17,4.37,7.93,7.92,2,1,6.67,0
96.35,3.16,4.28,7.65,2,2,4.23,0
53.01,9.03,5.85,6.27,1,3,1.95,0
96.72,7.04,6.53,7.43,1,2,3.91,0
67.58,9.23,6.8,8.99,5,3,2.52,0
55.07,7.18,7.64,5.46,4,4,9.48,0
74.29,8.67,5.77,5.3,2,3,3.88,0
62.84,6.01,7.06,8.11,4,1,4.01,0
64.24,8.25,6.93,6.66,1,1,8.56,0
65.36,9.39,6.74,2.57,1,1,6.83,0
90.15,7.0,7.2,9.14,5,1,7.39,0
76.96,4.27,5.3,2.25,3,5,6.72,0
65.57,4.88,4.42,7.99,1,3,9.52,0
80.52,4.39,4.6,8.07,2,1,2.86,0
85.81,4.73,5.12,9.62,5,2,9.9,0
63.63,5.14,6.5,2.43,3,2,8.48,0
70.68,6.89,8.2,6.77,5,5,6.3,0
56.09,7.12,7.51,5.42,1,3,6.96,0
59.06,5.99,7.95,4.65,3,3,6.84,0
84.06,7.31,5.75,2.72,4,3,1.53,0
59.07,3.57,6.02,6.5,3,5,2.96,0
76.26,3.61,5.97,5.83,2,3,9.65,0
85.45,4.2,4.96,2.84,4,3,5.81,0
55.34,6.63,4.31,6.9,4,1,4.41,0
78.37,4.5,6.95,7.9,2,3,7.86,0
62.83,4.98,8.95,8.14,4,1,5.72,0
98.15,5.8,4.83,9.24,1,1,1.12,0
74.18,8.68,4.23,5.28,3,3,7.63,0
90.3,3.1,7.9,9.62,3,2,7.59,0
77.51,7.55,5.26,8.92,2,4,2.49,0
52.17,7.68,8.15,4.37,1,2,9.61,0
81.66,8.59,7.52,3.27,4,3,3.02,0
97.57,9.53,8.73,5.48,3,3,5.12,0
80.08,3.14,6.04,5.22,3,2,2.03,0
90.96,4.08,7.31,6.61,3,3,6.43,0
94.21,9.2,6.32,6.67,3,1,4.38,0
61.4,6.21,7.15,8.0,5,5,4.18,0
60.6,6.95,6.25,6.08,2,3,8.44,0
80.55,7.64,4.94,2.84,4,3,1.09,0
70.55,7.75,6.54,8.87,4,2,8.18,0
91.99,9.52,6.64,4.48,2,1,6.14,0
95.0,9.98,8.05,9.77,1,2,9.87,0
67.67,8.04,7.68,2.94,2,2,6.3,0
61.84,5.01,7.32,9.67,3,3,1.5,0
89.03,9.16,4.57,2.73,3,1,1.46,0
63.74,3.34,7.6,3.85,2,3,8.95,0
91.13,4.62,6.5,2.37,2,3,8.57,0
71.19,9.28,8.47,7.64,4,3,4.11,0
83.38,4.79,8.6,8.8,4,3,6.56,0
54.78,4.54,4.28,5.47,5,5,5.41,0
81.19,3.97,8.1,9.43,5,4,9.7,0
72.59,9.01,4.19,6.72,3,1,9.55,0
79.33,6.5,5.84,7.04,5,5,9.85,0
58.4,7.72,6.71,8.76,5,4,8.8,0
86.84,4.67,4.74,4.37,1,4,9.19,0
93.14,8.31,7.73,4.83,2,4,2.96,0
60.84,8.32,4.04,9.25,4,5,8.48,0
54.79,5.19,4.84,9.21,5,1,7.38,0
51.18,5.87,6.9,9.81,4,2,9.67,0
82.1,4.47,7.57,9.21,5,4,6.14,0
80.35,9.84,8.58,3.02,5,2,1.77,0
77.33,7.52,7.53,8.59,3,2,6.38,0
61.6,9.54,7.36,5.28,1,3,7.18,0
69.55,5.12,5.97,9.93,2,2,2.98,0
79.72,8.47,4.01,5.78,2,3,4.55,0
74.84,8.36,4.6,6.43,3,1,6.39,0
99.39,7.84,6.67,6.24,3,1,4.37,0
56.82,9.76,7.38,4.57,2,3,4.37,0
84.76,5.75,6.09,2.6,2,1,2.2,0
70.22,3.92,7.65,9.17,1,4,9.47,0
71.41,7.7,6.61,8.42,5,1,7.75,0
85.88,8.11,4.37,3.12,1,3,1.01,0
84.62,7.03,4.96,8.21,2,4,7.89,0
99.56,4.45,8.2,7.01,5,2,7.66,0
56.42,6.53,7.62,5.27,2,2,1.09,0
55.21,5.19,8.47,4.03,1,2,4.33,0
86.22,5.99,4.59,8.88,1,3,6.46,0
78.92,7.52,8.95,7.6,1,2,5.07,0
63.71,8.22,5.05,6.38,5,1,8.0,0
53.97,4.63,4.06,6.88,4,2,4.83,0
54.28,5.84,8.99,2.73,4,5,2.38,0
94.71,4.88,5.41,5.79,2,5,9.79,0
59.59,4.39,7.34,3.55,5,2,3.18,0
66.17,8.48,4.88,3.67,3,2,7.46,0
61.33,9.36,6.9,7.29,4,5,2.29,0
67.75,5.59,8.52,9.29,5,2,3.96,0
53.47,8.26,5.6,5.23,5,4,4.98,0
75.95,9.28,7.35,3.66,4,5,2.73,0
53.38,8.92,4.94,7.19,5,3,5.05,0
90.02,4.28,7.12,8.97,5,5,2.41,0
61.69,9.69,5.68,7.99,4,1,6.03,0
77.0,5.64,5.06,8.95,1,4,6.97,0
94.0,5.37,5.57,6.29,2,3,1.56,0
82.54,3.44,4.89,8.02,3,2,8.84,0
76.65,6.4,8.51,3.12,2,1,2.67,0
66.22,3.76,5.99,4.79,1,1,3.03,0
66.65,4.74,5.23,5.12,1,4,6.95,0
83.47,5.22,6.24,6.09,5,3,5.22,0
99.71,8.66,5.6,9.43,2,1,5.49,0
83.09,9.13,7.72,8.99,1,3,2.15,0
77.89,5.12,8.86,3.08,2,3,8.25,0
86.53,9.01,6.19,3.38,1,1,6.55,0
73.26,9.0,8.31,4.86,3,3,2.22,0
53.01,8.35,6.83,4.33,1,4,4.37,0
78.11,4.03,4.79,6.92,2,1,8.29,0
97.88,7.83,7.45,9.22,5,4,6.12,0
58.77,9.62,6.57,9.7,2,4,1.98,0
84.5,7.78,7.25,7.23,4,3,4.35,0
60.05,5.32,8.45,8.71,2,3,3.18,0
76.79,6.5,6.2,6.2,3,1,5.66,0
54.83,7.52,8.51,3.67,3,2,8.59,0
72.52,6.57,7.75,6.2,3,1,4.93,0
87.81,3.84,6.44,6.44,1,4,4.9,0
67.38,5.18,7.02,7.94,3,3,9.15,0
83.25,8.62,5.63,3.76,2,4,6.19,0
89.77,9.03,8.92,4.95,5,5,6.1,0
96.36,3.96,7.34,4.91,3,5,3.36,0
61.73,9.67,4.22,9.68,2,4,6.47,0
69.97,5.3,5.63,5.55,1,2,6.18,0
57.62,7.64,7.12,8.04,1,2,4.57,0
99.62,8.26,4.28,8.01,5,1,9.92,0
96.35,8.68,4.12,4.12,5,1,8.94,0
77.0,9.62,6.25,6.57,2,1,7.75,0
92.1,5.19,5.66,9.15,5,3,5.84,0
76.05,9.01,6.19,5.8,5,2,5.16,0
81.18,3.92,5.31,9.56,1,4,2.66,0
54.46,7.94,4.82,3.72,2,5,3.75,0
87.76,8.19,7.45,2.59,5,2,7.97,0
56.39,7.74,6.57,9.13,2,2,5.08,0
91.3,4.77,5.0,8.78,3,2,8.94,0
89.1,9.11,5.6,9.94,1,1,2.33,0
85.44,4.18,6.96,7.44,1,3,5.58,0
51.81,3.38,4.36,9.49,1,4,6.82,0
65.16,8.02,4.74,8.62,4,1,5.65,0
63.16,6.33,4.37,8.76,2,3,9.0,0
68.01,8.94,8.06,6.55,3,2,9.91,0
54.38,5.68,7.76,5.06,5,3,2.04,0
96.85,4.18,7.77,9.48,3,1,2.17,0
77.69,8.86,7.58,5.46,2,2,2.17,0
65.28,6.84,7.35,6.31,1,1,7.13,0
69.85,4.32,6.38,5.57,4,4,4.35,0
72.36,8.04,7.21,6.52,2,2,7.6,0
80.03,6.58,4.19,5.76,2,3,4.65,0
75.78,7.23,7.11,2.38,5,1,6.65,0
95.97,6.23,7.89,9.06,3,5,7.93,0
74.85,8.8,6.5,5.56,3,3,5.93,0
99.61,8.81,5.79,6.71,5,3,5.86,0
92.57,7.97,5.39,3.11,4,2,1.79,0
60.43,3.74,7.21,2.03,1,3,4.7,0
96.53,8.87,7.46,3.96,1,1,5.91,0
55.82,7.7,8.35,7.64,4,5,5.16,0
90.87,7.88,5.71,2.79,5,4,9.11,0
69.03,5.54,7.85,9.27,2,5,9.16,0
93.9,9.15,6.81,3.72,3,1,8.4,0
93.4,8.08,8.41,3.64,2,2,4.38,0
90.3,3.79,6.64,3.45,3,1,7.46,0
89.5,5.85,6.59,2.11,2,3,4.56,0
65.23,9.2,6.89,8.17,5,2,3.09,0
54.05,3.33,7.75,9.0,5,4,4.09,0
70.15,9.73,8.82,6.91,4,4,1.64,0
58.68,7.75,4.37,3.51,2,1,3.99,0
84.75,7.42,4.27,4.28,2,3,5.15,0
67.3,4.89,8.69,5.81,4,4,9.6,0
98.78,4.74,6.65,9.63,4,5,3.82,0
82.05,9.59,7.07,3.98,5,2,9.12,0
91.12,5.09,6.41,7.85,5,5,3.06,0
56.63,8.43,4.47,5.52,2,4,2.72,0
93.1,5.75,7.84,4.38,5,4,5.67,0
96.14,3.97,7.74,5.65,5,1,7.05,0
74.35,3.08,5.56,2.57,2,1,1.4,0
80.31,6.81,5.53,8.39,4,2,2.99,0
88.24,9.83,8.19,3.95,2,1,5.1,0
58.74,5.58,4.36,7.8,1,3,3.98,0
75.13,5.5,8.41,2.55,2,2,7.41,0
69.93,5.41,5.28,9.64,1,3,5.6,0
57.32,6.64,6.96,3.54,2,1,2.44,0
68.38,6.08,8.68,9.06,1,2,9.05,0
53.41,9.16,7.39,8.48,1,4,3.64,0
51.29,6.54,6.07,9.74,2,5,7.58,0
56.76,6.55,7.45,5.82,5,4,8.02,0
98.16,3.97,5.72,7.82,3,3,9.67,0
77.48,9.88,5.39,4.97,5,4,5.49,0
98.29,4.75,8.98,3.47,1,4,6.54,0
71.62,3.51,7.75,5.54,2,5,4.01,0
65.59,7.64,7.22,3.33,2,5,7.1,0
75.31,7.17,5.78,9.86,2,4,5.17,0
71.98,5.91,4.25,2.77,2,5,4.94,0
55.28,5.96,4.16,6.71,3,4,8.7,0
82.04,8.5,6.77,7.01,4,2,1.45,0
60.8,4.37,7.81,6.3,1,4,8.94,0
80.98,8.74,6.69,7.3,3,1,8.67,0
82.51,7.54,8.2,2.93,5,5,5.56,0
57.6,5.93,4.17,6.44,4,5,5.41,0
53.07,6.21,5.83,4.3,4,3,4.26,0
89.04,4.8,5.19,9.52,2,3,9.95,0
72.99,8.26,6.24,8.1,3,1,2.0,0
52.91,6.59,4.36,9.78,5,5,6.31,0
99.74,5.25,8.77,2.3,2,5,7.14,0
52.89,7.17,5.12,4.28,2,3,9.41,0
84.75,9.97,8.61,3.56,1,3,8.02,0
99.18,6.05,6.13,2.09,4,4,6.79,0
61.96,9.44,8.93,3.94,5,5,2.05,0
57.11,5.42,6.77,7.43,4,5,4.36,0
56.07,3.38,8.65,3.85,3,4,2.25,0
65.16,4.43,4.03,6.07,1,5,8.93,0
55.05,5.93,7.74,9.1,2,1,7.75,0
84.61,4.54,8.52,7.55,1,3,7.82,0
53.11,3.0,4.7,5.16,2,3,6.87,0
75.47,9.41,4.48,4.98,1,3,5.56,0
99.83,8.91,6.12,5.65,2,2,2.35,0
90.7,8.2,8.67,3.42,4,1,3.97,0
80.76,4.17,6.71,7.07,4,1,2.23,0
65.31,3.84,6.64,4.91,4,4,7.52,0
81.19,3.47,4.71,8.82,4,2,2.44,0
76.35,8.07,4.0,8.05,1,5,7.32,0
71.3,9.5,8.05,6.88,2,1,7.23,0
56.54,6.01,4.44,4.91,4,2,5.13,0
94.33,3.83,7.17,3.68,1,2,2.22,0
72.49,6.59,8.57,8.21,2,1,3.83,0
59.73,5.44,5.04,5.89,1,4,3.88,0
68.39,5.62,7.33,3.8,4,2,7.3,0
70.71,7.35,4.39,3.56,3,3,2.02,0
91.38,8.03,7.02,3.32,1,2,8.46,0
86.68,3.77,4.82,8.22,4,5,7.85,0
88.47,3.25,7.68,3.83,5,1,2.68,0
50.55,9.96,5.51,6.21,2,5,7.47,0
70.81,4.63,6.32,5.61,4,4,7.02,0
74.07,3.38,7.0,6.64,5,3,7.73,0
50.96,4.33,4.86,9.02,1,1,2.7,0
62.99,3.27,7.71,8.94,1,2,2.42,0
88.01,5.74,5.51,5.61,5,3,3.13,0
56.86,8.62,7.31,2.12,5,2,4.29,0
76.77,5.39,4.79,5.41,2,4,8.14,0
60.76,6.11,7.44,6.85,1,1,7.64,0
50.61,7.73,4.64,6.46,5,4,9.33,0
62.06,6.56,6.13,7.21,3,4,1.53,0
98.79,9.03,5.24,3.23,3,4,1.1,0
90.08,9.06,7.74,7.17,5,4,7.29,0
97.98,3.07,5.31,3.46,2,2,3.51,0
74.39,8.45,8.41,8.0,1,5,4.01,0
55.49,6.23,8.46,4.71,3,2,5.92,0
77.4,9.92,4.98,7.68,5,3,1.92,0
72.72,6.38,7.07,2.38,5,4,6.78,0
92.22,9.91,4.44,5.26,4,3,3.93,0
54.9,8.28,5.96,7.64,5,2,6.69,0
74.41,4.74,7.57,3.81,2,4,8.51,0
57.5,6.77,7.3,8.36,3,2,2.54,0
66.23,9.94,7.12,7.05,4,4,9.38,0
86.87,9.0,5.41,6.7,3,2,5.78,0
73.8,3.68,5.89,4.83,3,1,9.31,0
68.79,7.94,4.51,5.86,2,5,2.87,0
69.72,5.42,7.6,6.78,5,5,6.44,0
72.97,3.05,6.52,5.78,2,4,4.63,0
89.25,5.82,7.54,7.59,5,1,7.97,0
94.6,4.64,5.24,5.47,4,3,6.45,0
97.77,8.73,5.62,3.62,2,1,5.45,0
89.35,5.36,5.67,3.71,2,4,9.22,0
65.77,8.79,4.13,2.05,1,1,4.39,0
84.41,3.0,5.71,4.41,2,3,2.98,0
71.88,5.15,8.02,7.99,1,4,6.47,0
62.73,4.69,8.49,8.35,5,5,6.62,0
92.04,4.63,6.59,3.62,5,1,4.95,0
51.92,3.48,6.28,9.67,5,5,5.38,0
95.09,4.31,4.15,6.02,1,5,9.64,0
73.07,6.89,8.4,9.34,5,2,7.59,0
81.86,5.04,4.07,7.65,3,3,2.0,0
82.97,5.92,8.72,7.78,2,1,2.91,0
94.76,5.64,6.45,2.68,1,5,9.78,0
81.83,9.13,5.71,3.76,5,5,7.54,0
80.7,9.34,8.62,2.07,3,3,9.24,0
53.33,6.45,4.12,7.73,2,5,3.73,0
75.92,5.31,6.91,4.76,2,5,7.68,0
57.51,3.75,6.74,8.29,5,5,7.43,0
86.87,9.67,5.1,4.71,3,5,3.65,0
75.61,3.42,6.14,8.55,1,2,5.96,0
84.01,5.08,7.26,3.05,5,2,6.65,0
52.08,5.09,7.64,3.39,2,4,5.33,0
54.24,5.24,4.0,4.73,2,1,8.44,0
85.82,4.15,8.68,5.27,2,3,8.5,0
53.6,8.48,4.82,4.79,5,4,8.66,0
53.56,3.86,5.17,8.11,4,2,8.23,0
50.61,7.44,5.32,2.78,4,2,5.39,0
97.83,3.87,4.19,4.81,4,2,4.43,0
86.88,3.49,4.62,8.7,3,4,8.48,0
67.66,9.37,8.93,2.53,5,2,5.41,0
64.83,4.33,5.58,9.54,2,4,3.22,0
67.49,8.75,4.58,9.89,3,2,5.57,0
88.73,6.81,4.53,2.71,4,5,2.28,0
83.07,3.54,7.6,4.33,1,5,7.22,0
59.26,9.69,8.27,4.98,3,1,4.02,0
58.71,4.73,5.28,8.21,3,2,3.35,0
54.92,9.02,4.1,6.77,5,1,9.61,0
83.02,4.18,5.12,7.15,3,4,7.99,0
88.22,8.98,4.28,8.06,5,1,8.08,0
63.25,3.09,4.52,2.94,1,2,6.61,0
51.05,6.58,6.16,8.67,2,4,8.55,0
54.11,8.39,5.15,7.64,2,4,7.83,0
98.39,9.54,6.58,6.62,4,5,6.39,0
64.77,9.36,5.27,9.12,4,4,9.65,0
88.46,8.74,8.7,7.6,1,4,2.72,0
81.23,9.22,8.53,3.61,2,1,9.49,0
69.1,4.39,6.83,5.44,4,4,4.61,0
60.28,4.99,5.77,5.95,3,3,5.76,0
56.07,5.02,5.91,2.44,5,5,2.1,0
80.75,5.64,6.06,9.64,4,5,5.86,0
88.73,5.75,7.64,3.03,1,4,6.5,0
82.2,6.81,6.26,7.58,2,1,9.98,0
76.52,4.12,8.28,6.05,1,5,9.78,0
52.1,7.84,8.72,2.21,5,5,9.7,0
98.42,4.17,5.68,9.4,5,3,4.14,0
89.94,5.17,6.8,8.81,1,4,9.92,0
64.64,6.52,4.48,6.19,4,5,5.1,0
99.0,8.58,5.0,3.83,4,5,8.67,0
80.09,8.18,6.07,2.97,2,5,2.95,0
79.12,7.52,5.03,4.91,2,5,5.55,0
87.4,4.09,8.38,4.04,3,1,9.69,0
90.59,6.83,4.79,6.05,3,2,9.52,0
82.82,3.61,6.28,9.73,2,3,7.15,0
56.4,5.64,7.03,6.6,3,1,8.18,0
66.91,5.89,7.46,9.12,1,3,2.59,0
96.4,3.28,5.92,7.21,4,5,7.49,0
61.23,4.92,8.35,5.8,3,3,6.56,0
68.61,9.69,6.84,8.84,3,4,1.82,0
71.6,9.68,6.2,5.77,1,4,2.02,0
71.97,5.47,4.34,8.95,5,2,1.98,0
80.65,3.3,6.32,4.33,2,2,7.52,0
97.15,4.25,8.1,3.03,1,3,2.28,0
62.03,5.75,7.07,8.84,5,1,5.21,0
56.08,9.63,8.16,6.7,1,1,4.21,0
59.87,3.99,6.47,9.11,4,5,5.95,0
94.35,8.34,4.59,9.5,1,1,7.36,0
82.29,3.76,4.07,2.43,1,2,7.16,0
64.3,9.87,5.52,6.01,4,1,5.64,0
90.8,5.67,7.49,5.0,2,5,5.18,0
93.07,8.43,7.95,7.01,5,4,4.58,0
92.33,5.4,5.48,8.35,3,1,8.76,0
95.95,7.39,6.48,4.24,2,1,3.98,0
62.61,4.34,6.11,6.45,1,2,3.33,0
87.75,4.02,6.05,7.67,3,3,7.69,0
73.03,9.57,5.16,3.08,4,4,4.24,0
92.1,9.42,4.68,8.51,2,3,8.62,0
86.42,9.21,4.98,6.85,5,5,3.95,0
88.82,7.38,4.28,9.6,2,5,7.32,0
82.81,8.66,4.99,4.72,2,3,1.41,0
58.87,3.48,4.05,2.87,3,2,4.47,0
77.25,5.34,7.14,6.05,4,2,4.09,0
99.23,5.2,5.58,2.69,4,2,8.35,0
96.87,7.45,8.87,9.76,2,4,9.7,0
52.16,5.49,4.97,2.31,4,5,5.15,0
58.24,4.04,5.73,8.03,3,5,8.42,0
56.59,7.18,5.79,6.2,3,5,7.3,0
86.3,8.7,4.04,4.95,5,4,9.71,0
90.89,5.67,8.2,2.53,4,5,8.3,0
60.68,3.93,4.16,6.98,5,3,1.7,0
75.29,4.38,8.7,6.68,1,1,7.42,0
92.04,4.66,8.46,4.25,3,4,5.82,0
86.64,5.1,6.68,9.28,2,1,1.15,0
77.11,7.5,6.72,4.43,3,3,3.26,0
79.52,7.21,7.27,5.6,1,2,9.3,0
75.42,7.87,5.94,6.35,2,2,9.33,0
64.88,5.54,7.24,2.8,4,2,8.19,0
78.25,8.77,4.22,9.46,4,4,9.84,0
84.44,4.43,4.27,5.0,3,2,8.26,0
93.67,6.28,6.29,2.65,2,4,1.09,0
81.81,8.61,6.75,5.1,2,4,3.59,0
88.06,4.26,8.44,6.8,5,1,1.28,0
58.0,3.77,4.52,6.11,1,2,1.85,0
73.08,9.19,8.11,7.56,4,5,2.97,0
50.47,5.4,5.05,2.44,3,2,5.53,0
62.33,7.79,5.97,4.28,2,2,8.63,0
86.32,3.18,5.58,8.55,4,2,8.76,0
99.59,7.83,6.0,2.64,3,5,6.55,0
54.96,5.21,4.75,8.84,4,5,9.35,0
70.07,3.39,6.52,2.74,3,4,5.5,0
90.0,7.27,8.01,8.68,4,5,9.0,0
60.2,4.69,6.21,4.89,5,4,5.09,0
77.75,5.71,6.45,6.9,1,1,3.5,0
86.65,3.56,8.24,3.22,4,4,9.25,0
80.8,4.03,7.53,2.53,1,2,4.49,0
59.4,5.09,6.45,3.73,4,3,5.53,0
67.77,3.63,5.29,3.02,2,3,3.96,0
89.19,9.38,8.42,4.5,5,2,6.97,0
77.71,3.04,6.89,6.12,5,4,9.96,0
50.26,6.39,5.11,6.71,1,2,1.23,0
88.05,3.86,5.35,8.32,2,5,9.1,0
51.77,5.15,8.02,7.25,3,4,1.04,0
87.29,9.48,4.22,6.87,5,2,4.28,0
60.12,4.13,8.96,5.29,2,5,2.52,0
97.9,9.76,4.65,5.79,2,5,7.82,0
68.4,4.44,7.98,5.32,1,4,1.46,0
66.35,8.19,5.97,8.74,2,1,5.98,0
57.44,6.83,6.46,3.84,2,1,3.65,0
65.28,9.19,8.4,2.05,3,5,2.2,0
93.83,6.88,6.06,7.21,1,1,7.95,0
99.82,6.74,6.69,3.62,1,5,2.96,0
68.42,4.37,4.25,9.12,2,1,3.01,0
72.43,4.16,4.01,8.87,3,5,3.48,0
86.1,9.42,5.22,2.61,4,5,6.28,0
94.31,5.29,7.4,2.85,5,5,6.94,0
79.65,5.6,4.61,5.96,1,5,1.16,0
69.58,8.32,4.57,6.87,3,3,3.18,0
70.63,5.37,6.05,4.2,3,1,4.88,0
84.78,9.66,7.24,7.73,2,5,3.99,0
50.16,8.17,7.56,6.76,5,2,8.96,0
80.98,7.18,4.89,4.6,1,4,8.09,0
67.77,9.17,4.4,2.2,4,2,6.63,0
89.71,3.35,8.7,8.0,2,2,4.04,0
54.65,4.8,5.3,3.72,1,3,7.31,0
79.41,6.26,8.27,8.68,1,1,8.59,0
74.05,4.59,8.32,5.36,3,3,6.35,0
82.12,8.21,7.86,6.62,5,1,8.06,0
53.24,9.43,4.84,8.98,4,5,7.74,0
79.0,5.97,8.11,8.91,5,3,6.15,0
78.07,5.39,7.85,4.97,3,4,3.81,0
78.03,9.73,6.98,3.67,4,1,7.71,0
80.17,6.11,5.69,8.2,4,3,2.86,0
83.82,6.42,5.31,5.46,2,4,8.02,0
90.25,5.46,4.61,3.54,4,2,8.24,0
63.49,9.37,6.55,9.24,1,5,8.4,0
91.25,6.98,6.93,3.58,5,5,5.26,0
74.91,8.34,5.8,2.21,5,2,2.73,0
53.85,8.68,6.38,2.16,2,3,1.9,0
52.93,5.39,5.82,6.98,4,2,7.69,0
66.71,6.04,7.21,7.29,3,4,8.98,0
89.24,8.94,8.51,4.49,1,1,6.86,0
85.38,5.54,4.82,4.56,2,3,2.3,0
89.43,8.56,5.91,4.72,4,1,9.41,0
75.86,9.59,4.7,7.44,3,2,9.9,0
72.01,7.36,7.12,2.47,4,5,4.9,0
57.37,8.19,7.64,9.43,2,1,6.35,0
66.41,8.64,8.66,3.78,3,1,8.0,0
71.7,8.92,5.39,10.0,3,5,7.63,0
54.43,5.77,8.75,3.37,3,1,9.71,0
61.03,3.36,4.32,8.17,3,1,2.03,0
79.91,5.81,7.02,3.79,4,5,6.23,0
86.78,7.72,4.29,2.65,3,5,7.23,0
99.92,6.15,8.47,9.0,4,2,9.01,0
96.66,8.24,6.65,8.87,3,2,8.87,0
82.13,5.5,7.35,5.23,3,1,9.8,0
71.06,7.44,8.16,7.62,2,3,5.61,0
81.81,4.3,4.75,6.46,4,2,8.48,0
89.28,8.25,4.19,8.82,4,2,4.85,0
55.92,6.82,8.39,4.52,5,3,4.8,0
70.5,4.43,5.57,6.19,2,3,3.28,0
91.99,5.04,4.64,5.88,4,5,8.36,0
69.19,8.24,6.34,4.83,2,2,9.87,0
78.59,6.38,6.99,9.13,2,4,3.31,0
79.39,4.51,4.15,3.33,2,4,1.51,0
59.22,9.77,5.37,3.2,1,1,8.34,0
68.11,8.01,4.16,6.62,4,2,6.58,0
66.73,9.7,6.1,7.26,2,4,9.64,0
51.31,5.99,8.48,3.56,1,2,3.27,0
51.21,6.33,8.91,5.13,1,2,1.64,0
91.58,9.29,7.19,9.57,3,4,5.43,0
63.65,6.68,4.81,3.97,3,2,1.77,0
75.9,7.95,8.53,7.35,4,3,3.36,0
64.94,4.77,6.58,7.92,3,1,2.13,0
97.03,6.13,4.77,5.59,4,5,3.02,0
62.96,3.86,8.61,9.5,1,4,1.96,0
71.48,4.44,7.79,7.89,1,5,9.59,0
93.64,3.01,7.66,5.66,4,1,3.51,0
92.1,3.27,7.55,6.55,3,3,5.0,0
59.31,9.84,5.0,7.54,3,3,9.09,0
90.13,4.7,5.06,6.74,4,3,7.1,0
72.91,7.64,7.44,9.03,5,3,6.56,0
74.15,8.87,5.1,4.86,3,4,7.35,0
56.67,6.85,6.19,4.4,2,4,8.46,0
54.03,4.07,7.91,3.71,3,2,8.9,0
86.4,8.1,7.92,2.3,5,2,6.78,0
74.82,7.2,6.27,2.34,1,1,9.01,0
71.84,8.12,7.96,8.96,1,2,5.82,0
86.48,8.39,8.19,7.43,1,1,3.5,0
88.28,9.83,7.27,7.28,3,1,8.92,0
57.95,7.01,5.14,6.92,1,1,5.87,0
80.51,5.39,5.37,8.79,5,3,9.16,0
56.77,7.54,5.57,5.84,5,5,1.36,0
87.57,3.48,4.58,8.96,3,5,4.58,0
82.85,9.28,5.37,4.88,2,4,9.53,0
97.83,3.84,5.05,9.41,3,1,3.25,0
53.45,5.29,6.28,7.59,1,3,9.47,0
52.85,8.71,8.54,4.06,3,2,9.59,0
64.11,7.18,4.52,6.51,5,2,8.94,0
63.09,5.76,7.6,6.26,3,4,6.07,0
62.35,6.31,7.44,3.1,3,4,6.82,0
95.31,8.98,4.48,6.73,2,1,8.83,0
62.48,5.38,8.61,4.52,5,1,7.98,0
63.6,9.09,6.84,2.42,4,2,6.67,0
87.97,3.62,5.82,9.59,4,2,9.84,0
72.49,8.44,7.78,7.13,5,2,7.17,0
88.84,8.93,5.29,9.02,4,2,9.78,0
53.27,4.27,7.47,7.41,1,5,1.52,0
74.38,6.01,4.2,4.86,4,1,2.25,0
51.68,4.16,8.2,6.1,1,1,5.06,0
53.13,7.95,6.24,7.41,5,2,4.46,0
95.32,6.75,7.18,9.68,4,3,8.04,0
56.96,7.45,5.11,4.03,4,2,2.45,0
76.62,4.38,7.39,9.0,1,4,9.78,0
70.55,4.48,7.86,9.39,1,3,3.84,0
67.37,3.29,6.37,7.36,3,4,4.86,0
94.99,5.25,7.09,9.45,2,3,3.47,0
51.09,6.92,6.28,5.18,4,4,6.21,0
83.19,9.01,8.47,9.62,2,2,1.53,0
98.17,7.67,6.49,7.62,2,2,2.35,0
78.01,6.05,8.21,2.34,4,3,7.71,0
96.84,9.67,8.01,9.25,1,4,2.68,0
52.61,8.03,6.05,5.88,3,5,3.12,0
70.94,9.51,5.15,5.68,5,3,8.14,0
63.01,6.69,6.03,6.53,4,3,1.84,0
86.54,4.81,8.13,3.2,4,1,4.94,0
99.06,3.37,5.14,5.75,5,3,1.21,0
62.83,8.08,6.62,8.65,2,5,4.12,0
82.71,3.85,8.03,2.12,3,2,7.29,0
59.9,5.12,5.77,4.18,2,4,1.81,0
78.27,6.73,7.21,2.02,5,1,9.0,0
73.2,6.95,5.23,5.33,5,4,9.19,0
98.6,7.2,4.55,7.83,3,2,1.94,0
80.43,4.16,7.97,8.39,5,3,9.92,0
67.48,5.66,4.49,9.56,5,5,3.68,0
55.7,7.32,5.36,6.87,3,1,1.76,0
57.56,9.79,8.28,4.04,4,5,1.05,0
61.27,8.09,5.73,9.39,2,5,4.68,0
62.55,9.46,8.87,8.2,4,5,6.67,0
92.53,8.34,8.9,6.6,4,5,3.99,0
78.06,7.14,5.34,7.57,2,2,8.53,0
76.17,4.34,4.2,9.39,4,5,7.45,0
55.74,7.67,7.53,7.7,3,5,4.15,0
93.01,7.36,6.25,4.95,2,2,7.61,0
86.14,7.22,4.5,7.7,1,4,9.46,0
53.38,6.43,7.54,2.32,4,2,1.84,0
85.39,6.7,4.16,5.09,5,3,3.75,0
77.18,5.34,8.35,5.25,2,2,5.17,0
54.09,6.64,4.69,3.33,1,4,5.48,0
72.92,4.38,4.64,2.18,5,3,5.88,0
74.23,8.64,4.88,3.07,1,3,3.71,0
58.29,4.3,8.8,7.24,4,1,7.01,0
97.28,3.59,7.47,8.42,5,5,6.81,0
92.5,6.05,8.01,9.91,4,3,6.2,0
83.45,7.61,5.99,4.77,5,3,2.02,0
73.11,6.06,5.68,6.8,2,4,5.29,0
70.59,4.94,5.17,9.5,3,3,4.21,0
82.55,6.91,6.4,3.34,3,4,5.42,0
77.27,5.43,6.76,7.74,1,5,9.3,0
53.11,9.53,7.16,8.04,5,1,5.32,0
75.63,9.46,5.29,2.71,4,1,1.13,0
90.32,6.52,8.74,8.89,2,5,4.95,0
72.96,5.3,4.85,8.5,2,5,8.39,0
52.6,8.16,8.83,2.27,2,2,8.02,0
89.31,3.26,4.07,2.73,3,3,5.62,0
60.07,6.32,6.41,2.39,4,3,3.25,0
62.93,5.35,5.67,4.68,2,3,5.19,0
58.24,9.44,6.25,6.07,2,4,6.07,0
66.51,3.08,6.85,6.26,1,2,10.0,0
87.84,6.87,6.18,4.14,5,3,6.8,0
75.97,8.18,6.07,9.29,5,4,7.25,0
60.24,6.4,7.66,4.95,5,4,5.42,0
93.89,3.6,7.43,2.36,1,1,4.19,0
93.98,9.81,8.17,4.4,3,4,8.32,0
93.53,6.63,5.25,6.25,1,5,5.45,0
61.94,7.3,7.05,5.27,2,4,9.95,0
72.56,4.66,6.93,4.19,4,5,5.11,0
99.25,6.38,5.85,3.05,2,5,1.61,0
88.6,6.0,6.43,8.55,2,1,7.14,0
51.36,3.52,5.57,9.97,4,1,1.42,0
53.26,3.74,4.71,4.64,5,4,3.25,0
73.2,8.86,5.07,5.05,1,1,4.18,0
95.46,4.68,4.53,6.94,3,1,7.66,0
76.94,4.36,7.42,7.75,2,3,5.45,0
74.89,6.53,7.3,5.14,2,4,1.26,0
55.27,8.38,8.75,9.24,3,4,6.55,0
82.84,3.43,7.65,6.48,1,4,4.7,0
91.11,7.04,4.26,5.6,2,1,9.3,0
69.02,3.83,8.42,7.17,3,1,5.5,0
88.78,3.26,8.31,9.62,2,5,7.38,0
98.22,3.37,6.22,8.36,5,2,2.97,0
60.19,8.84,6.93,2.32,5,2,7.85,0
76.17,3.83,8.88,4.66,2,2,7.49,0
64.36,3.32,6.66,5.76,2,3,9.14,0
89.64,6.07,8.53,4.52,5,1,1.3,0
78.88,8.91,4.42,7.6,2,5,5.03,0
81.73,4.84,4.96,8.61,1,5,7.11,0
89.9,5.95,6.2,7.85,1,2,1.86,0
69.8,3.28,6.92,9.91,4,3,4.7,0
95.75,6.14,8.08,4.18,1,3,9.48,0
76.65,7.04,8.94,9.0,2,2,4.92,0
57.9,7.0,5.94,8.13,2,2,9.87,0
84.79,5.33,4.24,4.9,3,1,1.51,0
89.66,5.21,8.01,7.87,1,3,7.46,0
65.84,3.75,7.02,2.83,5,5,6.23,0
92.86,5.57,4.99,8.31,5,2,5.5,0
95.31,3.7,6.47,6.26,4,1,9.74,0
63.85,8.37,7.71,4.34,3,5,2.17,0
99.18,9.76,7.85,7.25,5,3,9.06,0
57.04,9.79,6.5,7.13,4,2,7.22,0
60.1,9.06,5.53,3.68,1,2,3.33,0
59.21,7.21,8.87,2.24,3,1,9.12,0
94.7,7.91,7.32,5.47,3,1,4.86,0
82.71,5.0,6.04,6.56,2,3,8.33,0
57.61,7.42,5.4,9.01,1,2,4.5,0
72.02,6.19,7.66,9.43,3,1,8.66,0
80.76,6.37,5.21,6.23,4,2,6.73,0
54.17,8.3,4.86,8.03,5,3,2.27,0
94.12,4.97,6.65,5.51,1,2,6.85,0
90.18,5.23,5.45,7.97,1,5,2.72,0
75.26,9.47,7.14,3.64,3,2,4.71,0
98.36,3.39,4.59,4.97,3,4,2.53,0
70.89,6.4,7.27,7.07,3,4,1.2,0
99.21,9.39,5.42,2.15,4,3,2.91,0
83.4,7.27,4.0,7.78,2,3,5.83,0
81.73,6.82,4.63,8.68,3,3,5.33,0
58.3,4.75,8.67,5.19,2,5,5.51,0
94.1,5.4,8.34,5.58,2,5,3.23,0
71.37,8.96,5.17,8.81,1,2,7.17,0
58.11,6.91,7.89,8.21,5,1,7.34,0
50.63,6.6,7.04,4.31,5,4,4.22,0
77.99,3.7,8.85,4.59,4,4,8.93,0
76.37,3.11,5.87,7.43,4,4,6.8,0
85.97,9.75,7.41,6.51,5,2,7.42,0
94.51,5.64,4.32,3.3,5,2,3.5,0
53.97,7.22,5.98,4.48,1,3,1.01,0
86.57,3.56,8.82,9.2,1,1,8.79,0
59.37,7.78,6.69,7.51,5,3,8.4,0
92.91,9.53,5.44,9.89,3,2,2.11,0
90.95,7.03,4.6,8.14,3,5,4.37,0
77.04,3.88,7.52,9.54,1,3,6.95,0
85.51,7.07,7.22,3.73,2,2,6.87,0
65.72,8.36,5.87,8.17,5,2,8.74,0
73.56,5.84,8.75,2.16,4,5,2.26,0
91.08,9.16,4.11,7.37,3,5,4.87,0
72.96,7.54,5.52,5.75,2,5,1.88,0
67.89,9.29,8.61,4.77,3,1,4.51,0
74.71,7.36,5.6,8.9,2,2,1.14,0
91.41,3.92,5.26,8.83,5,5,9.08,0
66.76,5.17,6.67,2.18,5,1,5.74,0
58.69,4.41,8.12,6.88,5,4,8.65,0
85.6,9.36,4.52,4.94,1,4,1.54,0
91.3,8.32,8.72,5.33,2,4,3.05,0
55.03,7.73,7.98,8.66,4,2,3.33,0
61.99,5.11,4.91,4.48,4,1,4.48,0
57.1,4.29,7.56,9.54,5,1,8.23,0
67.4,8.3,5.92,3.44,4,4,4.48,0
72.52,6.32,6.01,7.3,3,3,2.84,0
87.44,4.58,7.92,7.38,2,4,1.58,0
82.56,7.32,8.81,4.02,2,2,1.72,0
81.05,3.28,4.63,4.6,2,4,7.84,0
67.62,5.28,6.1,8.68,3,4,5.0,0
92.07,6.28,6.4,8.09,1,1,7.54,0
73.56,4.04,5.88,4.63,3,4,7.14,0
98.96,9.89,5.82,6.27,2,5,2.22,0
81.71,4.46,4.26,2.49,2,5,2.29,0
56.31,3.91,7.43,3.67,2,3,7.8,0
83.81,4.42,6.18,5.89,4,2,7.49,0
66.26,8.38,4.97,2.69,1,2,4.4,0
84.32,5.98,8.08,8.75,3,1,1.7,0
53.48,6.96,8.01,7.74,2,2,1.11,0
58.74,3.15,6.43,9.55,5,3,3.59,0
92.79,3.24,5.49,7.55,1,5,1.08,0
61.36,6.12,7.19,9.52,5,1,3.07,0
91.85,8.72,5.44,6.44,1,5,4.78,0
63.96,9.2,5.18,6.8,2,3,2.09,0
82.14,3.61,7.65,9.82,1,1,1.94,0
84.71,6.77,4.2,7.14,1,4,9.07,0
75.63,9.39,4.47,2.25,2,2,6.27,0
65.27,5.72,4.03,7.79,5,3,9.41,0
60.63,8.81,4.76,9.24,5,1,4.11,0
51.66,3.94,4.34,8.36,4,5,7.09,0
65.2,9.55,8.98,6.67,5,1,2.84,0
82.66,8.26,5.44,7.37,5,4,6.57,0
96.92,9.59,4.75,9.92,1,3,2.17,0
93.56,7.74,5.2,2.73,4,1,1.02,0
88.3,5.54,8.68,7.34,2,3,9.38,0
89.42,9.57,6.6,4.27,2,3,5.99,0
83.25,4.93,5.82,7.12,3,5,9.34,0
63.01,5.33,8.37,6.86,4,2,4.0,0
95.36,7.91,5.97,3.23,1,4,3.95,0
83.54,8.36,5.68,3.65,3,1,4.61,0
78.02,9.51,5.04,6.97,3,2,7.35,0
55.55,4.43,5.89,3.03,2,5,6.09,0
72.35,8.59,5.58,4.12,5,2,9.33,0
73.02,8.17,7.39,8.68,1,3,1.23,0
93.23,3.45,5.45,4.62,4,3,7.37,0
77.33,5.71,6.89,5.9,3,4,3.97,0
69.02,4.98,4.33,9.53,1,1,2.62,0
98.84,5.13,4.96,3.82,2,1,5.59,0
55.54,9.88,6.04,5.12,3,5,5.55,0
71.13,7.5,8.68,6.85,3,4,2.23,0
52.1,8.02,5.89,8.04,2,1,2.82,0
87.0,9.84,7.32,9.21,2,3,4.67,0
95.9,5.64,5.28,9.32,2,4,4.68,0
64.0,8.61,4.64,8.21,1,2,3.86,0
92.92,6.04,4.29,3.83,1,4,2.34,0
64.61,9.09,5.53,2.2,1,4,1.04,0
95.54,4.26,4.79,5.07,5,1,9.73,0
87.7,9.63,4.87,3.13,3,5,9.49,0
90.25,4.53,7.8,7.68,1,5,5.35,0
50.9,5.28,4.08,7.29,5,1,9.96,0
98.14,8.29,6.79,2.35,3,1,7.06,0
86.33,5.76,5.9,8.69,1,1,1.62,0
65.24,7.26,6.53,3.99,2,5,2.06,0
91.47,6.11,6.81,5.46,4,1,9.24,0
64.08,8.2,5.57,7.34,1,2,6.67,0
93.64,4.6,5.48,5.44,4,2,8.59,0
55.63,3.41,7.67,5.53,1,3,9.08,0
85.18,5.1,8.36,2.53,2,2,5.03,0
77.03,6.32,4.96,5.21,4,4,1.44,0
54.83,4.18,4.49,8.12,5,3,2.69,0
62.09,5.48,8.49,9.32,2,2,1.6,0
50.62,5.8,5.75,5.31,4,4,2.7,0
73.44,3.4,6.76,5.39,4,2,4.69,0
65.06,7.08,5.8,7.62,2,4,2.06,0
79.92,9.19,4.63,9.54,2,1,2.5,0
64.86,4.06,6.95,4.14,2,4,5.01,0
65.0,7.18,6.63,5.52,3,1,4.06,0
87.16,7.65,5.01,8.37,5,4,5.21,0
52.41,5.94,6.26,6.88,1,4,4.86,0
95.14,7.91,7.98,2.88,4,2,6.8,0
92.61,5.88,6.95,7.02,1,4,9.43,0
83.39,6.53,4.48,3.49,2,2,1.97,0
79.66,3.05,6.74,6.08,5,4,1.89,0
94.62,7.84,7.51,6.23,5,5,8.68,0
59.27,7.63,7.96,9.01,3,3,5.56,0
53.95,3.27,7.15,5.7,2,2,7.9,0
61.98,5.58,4.76,4.24,4,2,2.94,0
89.73,9.85,7.55,3.85,3,1,8.46,0
51.73,5.95,7.39,8.99,2,5,9.31,0
79.14,6.51,4.12,3.37,3,1,6.72,0
99.77,9.37,6.06,5.41,1,5,1.95,0
92.78,8.02,5.66,3.5,2,5,9.06,0
76.07,7.07,7.35,8.19,4,4,8.13,0
53.18,8.58,5.08,5.79,4,1,7.76,0
91.57,9.05,6.95,4.81,2,3,1.33,0
79.95,6.2,8.57,4.89,3,5,8.19,0
55.75,6.33,7.99,8.82,5,5,2.24,0
54.69,5.7,8.61,6.43,2,2,3.0,0
95.48,9.77,8.89,7.74,4,4,6.19,0
83.46,7.88,4.05,9.18,1,3,3.38,0
91.46,3.58,7.11,9.21,4,5,6.95,0
93.95,9.04,6.06,4.63,5,2,6.47,0
78.59,6.36,8.3,9.62,4,1,1.97,0
75.87,3.48,5.26,2.2,5,5,6.9,0
71.52,6.85,8.91,5.01,2,2,9.32,0
65.85,5.92,7.07,9.17,4,1,2.45,0
71.73,9.14,7.97,4.2,3,4,6.37,0
88.69,4.43,4.43,4.18,3,1,4.08,0
80.1,8.79,4.92,4.42,4,5,5.14,0
94.63,6.9,7.79,6.9,4,3,3.58,0
72.17,3.38,4.11,5.51,1,1,4.19,0
80.35,9.8,8.08,7.81,4,3,1.26,0
81.57,6.59,4.07,9.16,1,3,9.83,0
79.58,5.04,7.29,7.39,1,1,6.62,0
85.13,6.29,5.83,3.64,1,4,5.51,0
61.87,9.01,7.06,9.46,1,1,4.45,0
75.62,5.13,7.48,4.12,2,2,5.85,0
55.21,4.35,5.71,3.2,3,3,4.42,0
69.23,3.9,4.54,2.72,1,5,4.24,0
74.38,5.09,4.35,6.51,3,3,5.18,0
82.61,8.46,6.94,2.91,1,5,3.48,0
97.53,6.3,6.6,3.11,3,2,2.62,0
80.03,4.59,7.71,4.4,4,2,6.01,0
87.18,4.16,6.55,4.25,4,2,8.58,0
75.31,5.33,6.11,6.83,3,1,2.38,0
81.71,9.58,5.99,8.53,1,3,1.29,0
53.55,5.4,4.13,8.09,2,5,3.22,0
62.72,9.92,5.68,4.1,3,2,9.82,0
68.09,6.4,8.88,3.96,5,2,8.46,0
73.62,4.25,8.37,9.73,2,5,6.36,0
52.28,9.24,5.65,2.07,5,3,9.36,0
57.0,6.22,6.94,9.04,3,3,5.01,0
63.84,7.97,8.24,3.6,1,5,9.85,0
98.58,9.89,6.21,9.58,5,4,3.67,0
66.57,3.35,4.09,4.74,3,3,3.16,0
74.1,3.68,4.37,5.52,2,5,6.74,0
59.8,8.04,6.55,7.66,1,5,4.4,0
80.54,4.97,8.85,6.7,5,2,6.64,0
64.03,4.29,7.47,4.54,3,5,3.74,0
60.35,3.28,4.35,6.43,1,1,6.56,0
75.83,3.15,4.95,7.85,1,2,3.48,0
50.28,8.42,7.86,2.34,4,2,1.46,0
50.38,3.94,8.21,2.09,1,3,9.21,0
60.95,6.27,7.09,5.66,3,4,8.95,0
51.84,7.24,7.22,3.05,2,3,9.74,0
55.4,6.0,4.14,7.31,4,1,7.45,0
66.94,3.19,8.14,3.71,3,2,7.14,0
90.13,8.48,7.94,5.46,3,2,6.03,0
78.6,3.07,5.3,3.58,3,5,2.13,0
75.63,8.33,7.54,6.39,5,4,2.7,0
64.67,9.25,5.07,2.93,5,4,3.61,0
96.59,6.03,4.2,2.18,2,5,9.01,0
69.85,6.75,5.01,2.41,3,1,2.56,0
54.35,6.34,4.89,9.63,5,4,9.31,0
80.85,5.72,5.69,3.14,5,2,5.71,0
55.69,9.21,6.09,7.67,5,1,7.44,0
67.26,9.26,6.54,2.54,2,3,1.99,0
75.37,5.35,6.38,2.87,2,3,3.42,0
93.71,7.31,5.35,6.07,3,1,9.63,0
74.68,9.49,4.15,5.72,4,2,3.4,0
85.11,9.73,7.03,9.61,3,3,3.67,0
99.64,6.56,5.98,9.56,5,2,2.78,0
56.57,6.17,5.49,8.24,5,5,2.16,0
63.74,4.95,8.33,6.82,1,4,3.1,0
69.73,9.71,7.73,5.64,3,1,6.78,0
71.09,4.0,8.29,4.85,5,4,5.1,0
70.55,7.06,6.47,9.58,5,5,5.98,0
95.38,4.98,4.65,6.82,4,3,2.1,0
85.7,4.95,7.48,6.63,1,2,8.22,0
80.4,5.83,5.03,3.86,3,2,8.06,0
65.47,9.99,6.21,2.37,2,5,1.19,0
91.19,3.38,4.33,9.56,3,1,4.45,0
97.75,7.05,8.13,4.51,3,4,1.62,0
91.06,3.58,4.63,5.54,4,3,8.13,0
50.08,4.08,8.52,2.92,3,1,7.64,0
81.82,6.08,8.32,8.7,4,5,9.12,0
52.56,6.57,6.32,2.22,4,5,3.13,0
62.88,4.81,7.72,8.67,5,2,5.11,0
52.98,5.22,7.1,3.12,2,3,2.66,0
80.19,3.61,8.02,9.09,4,1,4.34,0
84.33,5.12,6.16,7.84,1,2,5.7,0
55.72,9.77,7.93,3.32,1,3,1.48,0
69.19,9.61,6.31,6.53,2,4,7.43,0
72.81,5.34,8.7,4.5,4,4,5.89,0
68.45,7.0,6.43,3.43,2,2,8.46,0
56.05,9.37,6.31,8.87,5,1,3.45,0
70.95,3.04,7.93,5.23,1,3,9.13,0
87.56,8.67,8.11,5.19,3,4,9.99,0
53.55,9.64,6.77,3.36,1,4,9.27,0
54.01,3.64,4.9,5.06,4,1,8.0,0
67.74,4.13,6.34,8.97,2,2,8.31,0
97.09,9.73,8.84,4.91,1,5,6.16,0
83.43,6.76,7.76,9.61,3,3,2.71,0
83.93,3.1,8.06,9.57,3,4,7.09,0
68.1,4.8,4.16,3.16,2,5,7.41,0
79.68,6.15,6.34,3.42,2,1,9.87,0
50.51,7.85,7.23,8.9,1,2,5.87,0
81.8,8.13,8.15,5.14,4,3,3.44,0
95.66,9.97,4.25,2.03,5,1,7.15,0
80.63,5.01,8.26,4.19,3,2,9.81,0
93.68,6.77,6.74,6.78,2,1,2.59,0
86.2,6.73,4.99,8.39,5,4,3.93,0
56.03,5.84,5.59,3.07,5,4,5.88,0
95.12,4.18,5.41,2.88,5,5,2.53,0
53.32,9.84,6.65,9.38,4,1,1.2,0
76.7,8.97,4.26,8.01,2,4,4.03,0
57.11,6.49,4.79,6.72,3,2,8.79,0
50.59,7.22,8.06,8.15,2,5,1.39,0
71.1,4.59,4.66,5.43,1,3,4.86,0
64.75,6.81,5.17,8.07,3,1,7.86,0
74.3,7.86,6.27,4.97,2,4,9.58,0
78.86,6.61,6.59,3.95,3,2,9.87,0
52.19,9.93,7.82,7.83,1,1,4.8,0
56.15,7.28,6.24,5.36,3,2,9.55,0
77.93,5.6,7.95,9.85,5,5,1.32,0
67.16,8.41,7.09,4.8,4,4,7.71,0
86.46,4.19,4.57,9.37,1,4,6.78,0
82.61,5.69,4.78,9.46,3,5,3.25,0
92.28,5.43,6.19,3.93,1,2,5.57,0
84.62,6.02,5.98,8.39,5,1,2.17,0
71.5,8.47,7.72,5.46,4,2,8.84,0
83.65,6.39,6.9,9.34,1,1,4.22,0
63.77,8.56,5.94,5.6,5,5,6.63,0
65.32,7.04,4.85,7.95,5,3,2.43,0
89.45,5.39,5.13,5.74,5,1,2.86,0
72.32,8.67,6.88,3.82,3,4,9.93,0
89.92,4.67,6.12,3.59,2,4,7.78,0
91.12,4.57,6.57,5.4,1,4,9.66,0
92.88,6.53,4.85,8.04,2,2,3.66,0
95.83,4.83,7.31,6.84,5,2,2.48,0
71.55,3.06,8.26,7.51,2,2,5.53,0
65.94,7.54,5.29,4.26,5,4,5.45,0
79.11,6.58,6.46,5.85,5,1,2.57,0
68.56,6.12,8.88,2.36,4,4,7.6,0
80.05,9.77,5.67,8.54,4,1,4.26,0
85.28,7.0,6.98,9.92,2,2,2.68,0
84.42,9.04,4.45,5.26,1,3,3.99,0
68.73,3.98,7.03,2.09,2,2,6.07,0
58.34,6.98,4.45,3.36,1,5,7.54,0
71.53,9.08,8.8,7.22,2,1,5.34,0
57.13,7.08,7.58,6.9,3,3,5.73,0
94.5,8.03,7.94,8.3,3,2,2.25,0
67.29,5.6,7.52,4.03,1,3,9.23,0
57.72,3.65,6.95,8.11,4,4,9.36,0
51.27,6.21,6.25,7.5,1,1,7.15,0
82.29,5.76,8.29,4.58,2,5,1.16,0
81.85,9.07,8.78,6.36,5,4,5.83,0
67.03,4.71,6.5,3.18,3,3,6.66,0
53.59,9.77,8.66,5.62,5,2,9.95,0
70.48,9.71,6.92,9.05,3,1,9.96,0
65.56,4.73,6.69,5.37,2,5,8.72,0
83.86,5.44,6.27,8.72,3,2,1.57,0
80.29,9.27,5.05,6.72,1,5,9.58,0
68.23,9.77,4.02,3.54,5,1,6.51,0
60.89,6.1,5.21,6.65,5,3,8.21,0
99.4,5.25,6.55,6.05,2,5,4.66,0
72.7,6.68,5.9,5.19,5,1,3.88,0
84.41,7.81,6.24,2.96,2,5,5.17,0
57.03,4.91,8.9,5.33,4,2,2.32,0
74.28,8.16,5.75,2.58,1,5,4.21,0
51.38,3.36,6.26,2.79,3,2,8.72,0
75.27,3.35,4.67,5.33,3,2,1.34,0
98.2,5.7,4.24,4.44,3,1,2.36,0
69.21,5.47,7.88,9.4,4,4,2.13,0
51.95,5.21,6.85,5.01,1,5,4.63,0
51.55,6.44,7.8,8.06,5,3,9.97,0
69.4,5.25,4.75,6.24,5,2,2.56,0
58.0,4.35,6.86,7.63,1,4,2.31,0
51.17,5.17,5.27,4.08,1,2,9.24,0
87.81,9.82,5.14,9.54,3,4,8.94,0
72.93,5.88,4.06,6.24,5,4,1.29,0
64.46,6.11,4.65,8.65,1,3,7.77,0
95.0,7.04,5.55,4.92,5,4,6.9,0
55.81,9.88,4.58,2.8,1,3,7.91,0
97.8,4.69,8.93,7.39,2,1,5.45,0
65.7,7.77,5.54,2.06,3,2,9.92,0
94.42,8.01,4.65,5.8,1,3,1.39,0
80.15,7.25,5.0,3.54,4,2,3.11,0
91.34,3.62,6.94,7.02,1,5,4.57,0
99.2,7.74,4.32,9.84,2,1,5.05,0
64.42,3.45,8.31,5.72,4,5,9.29,0
98.06,7.17,8.81,8.54,4,5,6.04,0
69.47,8.18,5.23,6.06,1,4,1.41,0
69.28,4.48,6.25,5.97,2,4,4.67,0
67.02,8.89,4.11,9.44,4,5,4.75,0
77.07,3.21,7.2,9.12,3,4,9.69,0
57.71,8.91,6.07,8.29,3,2,6.39,0
77.69,6.22,5.35,4.37,5,4,6.72,0
77.09,4.52,5.03,6.36,5,5,7.42,0
88.1,3.94,7.27,3.79,2,4,7.93,0
91.68,9.67,6.08,5.55,4,4,6.72,0
72.02,3.51,4.9,5.87,3,3,3.13,0
65.12,4.39,7.45,8.65,3,3,8.87,0
62.97,5.43,6.83,9.17,2,5,7.59,0
59.73,7.34,8.29,5.32,4,2,7.68,0
52.88,6.81,4.59,2.14,2,1,9.97,0
67.12,3.88,7.93,8.89,1,1,8.22,0
63.51,5.03,7.37,3.39,3,5,8.46,0
98.32,4.67,4.58,6.98,2,2,9.56,0
77.89,4.49,7.47,2.2,2,2,2.36,0
67.36,5.88,6.21,5.2,1,2,5.48,0
79.02,7.93,8.72,9.89,5,3,6.23,0
56.96,4.52,4.71,2.81,3,5,3.96,0
72.2,5.57,7.21,5.39,2,1,8.55,0
81.31,5.74,5.91,4.46,3,2,7.86,0
74.44,9.84,8.78,9.24,5,5,7.49,0
70.09,9.68,5.65,8.95,2,1,9.97,0
99.69,8.6,8.81,3.9,1,3,3.33,0
94.02,4.69,8.51,2.65,3,4,7.62,0
81.17,3.48,5.35,7.02,1,1,5.96,0
78.47,5.22,8.02,4.69,5,1,3.82,0
81.03,4.87,8.98,7.38,5,1,2.45,0
60.07,6.54,5.26,2.26,3,4,9.06,0
69.76,8.44,6.18,3.07,5,2,6.36,0
51.97,9.01,6.6,7.49,4,4,8.42,0
73.78,8.91,5.47,3.7,3,1,5.91,0
77.15,5.52,4.08,8.86,4,3,2.98,0
61.39,7.81,5.1,2.47,5,1,4.04,0
98.2,5.19,5.41,3.72,3,3,4.43,0
95.47,3.43,6.22,9.99,4,5,9.76,0
86.11,7.91,4.86,5.46,5,3,1.05,0
76.67,3.07,8.37,7.62,2,1,9.87,0
93.5,5.86,7.52,3.46,2,4,9.82,0
56.53,5.31,4.43,6.88,1,1,9.97,0
89.53,7.85,7.25,7.81,2,1,5.29,0
56.24,8.36,7.27,4.52,4,5,9.67,0
89.71,5.13,8.78,8.63,2,2,4.56,0
63.79,8.68,4.02,6.83,3,1,1.24,0
93.85,5.06,5.24,5.11,3,5,3.02,0
97.2,6.12,8.64,6.46,3,4,9.51,0
57.44,8.09,8.66,6.61,2,5,1.12,0
73.13,7.85,7.6,3.32,2,5,5.91,0
99.05,9.91,7.83,5.22,1,3,1.68,0
74.17,4.58,4.46,4.75,5,2,3.58,0
93.18,7.64,6.57,5.21,1,2,1.79,0
79.44,7.27,5.16,8.09,4,4,8.74,0
68.77,9.41,4.91,5.86,3,5,6.32,0
64.29,4.09,8.05,9.52,2,4,9.12,0
60.16,8.26,4.68,4.35,5,4,7.2,0
88.09,6.98,6.34,5.33,5,2,9.74,0
69.33,4.92,8.69,8.3,2,2,5.59,0
75.56,6.32,4.93,6.37,1,2,6.75,0
74.62,5.34,8.89,6.38,5,1,6.19,0
78.86,7.06,8.97,2.43,1,5,5.36,0
93.28,9.22,6.78,5.19,2,4,8.61,0
99.04,6.99,4.85,4.17,1,5,6.8,0
70.38,7.42,5.58,9.99,3,4,8.21,0
91.38,6.63,6.12,4.47,2,4,8.08,0
88.23,3.36,5.55,9.08,2,4,2.72,0
78.68,4.63,5.4,7.41,5,4,6.85,0
97.8,6.44,8.86,4.73,5,3,2.8,0
60.02,5.17,4.77,6.35,5,3,6.25,0
55.46,4.27,7.67,8.72,3,1,7.1,0
92.7,6.53,4.0,9.07,3,2,9.98,0
71.96,5.26,6.98,3.28,4,4,1.27,0
92.35,4.81,8.58,4.72,2,5,1.82,0
94.65,6.25,5.44,4.68,5,3,1.69,0
53.12,3.93,4.93,2.34,2,2,4.59,0
94.17,9.49,7.26,6.79,1,1,8.39,0
72.42,9.07,7.56,8.84,3,2,8.6,0
75.52,7.95,7.44,5.05,4,4,7.63,0
81.33,3.74,5.6,7.92,1,2,9.07,0
96.32,8.43,5.26,7.02,2,4,3.91,0
50.96,8.66,8.78,5.01,3,3,1.79,0
73.84,8.37,8.62,3.13,5,3,1.52,0
84.39,3.8,6.29,7.67,1,4,8.67,0
86.14,7.51,8.23,8.84,3,5,7.57,0
84.63,8.84,6.26,7.49,2,3,7.29,0
56.72,7.04,6.12,2.14,2,5,4.06,0
64.97,7.52,4.78,3.73,1,4,4.42,0
67.94,6.21,6.13,2.56,1,4,9.62,0
90.22,6.7,6.69,6.56,1,3,1.57,0
63.94,3.24,4.11,8.05,4,5,7.96,0
60.54,7.47,6.22,2.88,5,4,3.79,0
97.87,3.57,7.91,8.71,3,3,1.35,0
50.44,6.05,7.4,6.44,2,4,7.68,0
99.89,5.05,7.18,7.52,2,2,3.98,0
83.84,6.82,8.55,9.77,5,2,7.5,0
91.42,3.93,4.09,2.67,1,3,7.37,0
64.73,7.84,6.79,9.21,1,4,5.81,0
50.72,8.57,7.94,3.01,2,3,8.0,0
86.89,4.14,6.71,5.14,5,1,6.23,0
91.71,3.73,5.62,8.81,2,3,3.58,0
87.02,4.02,4.68,9.25,1,3,7.61,0
57.14,9.14,8.44,6.05,3,2,6.3,0
87.67,6.7,6.35,6.75,1,2,1.11,0
88.45,6.27,8.39,7.67,3,4,9.11,0
82.93,3.75,6.93,8.66,4,3,5.91,0
88.31,7.55,7.37,2.97,5,3,8.82,0
92.3,9.08,8.02,8.48,4,4,8.94,0
80.68,8.8,7.3,5.85,1,5,5.0,0
54.43,7.38,5.99,5.6,5,4,5.57,0
74.38,3.53,6.57,5.39,1,2,4.74,0
53.88,3.79,8.02,6.07,5,2,5.04,0
70.38,3.35,5.87,9.56,5,3,9.06,0
70.36,4.8,5.94,6.39,1,2,8.09,0
53.3,3.95,4.48,9.63,1,4,2.14,0
67.44,4.82,8.57,3.44,5,3,6.49,0
55.55,5.7,4.46,7.79,5,4,9.96,0
90.41,9.6,7.24,8.5,1,4,6.36,0
97.38,7.27,6.07,7.43,1,3,8.07,0
53.62,8.84,6.03,6.86,2,5,7.92,0
97.76,7.97,7.4,6.52,2,2,4.15,0
76.13,3.79,4.34,8.89,2,1,4.35,0
64.98,8.15,6.97,8.57,4,1,7.52,0
53.84,4.93,7.86,2.98,5,1,5.5,0
75.03,7.47,8.14,8.79,3,2,6.14,0
89.73,5.39,4.85,5.31,4,5,7.42,0
85.35,9.98,8.49,4.03,5,4,8.0,0
52.51,4.84,7.28,8.96,3,3,3.44,0
53.65,4.95,8.41,5.46,2,5,2.32,0
70.14,9.51,6.43,8.47,3,1,3.63,0
64.76,3.17,6.71,4.11,1,2,5.57,0
61.62,7.88,8.6,2.03,1,2,4.08,0
64.05,8.08,8.5,5.96,5,3,6.12,0
90.17,8.85,6.24,2.8,4,4,1.48,0
96.46,9.82,5.37,8.04,2,5,5.59,0
70.26,9.83,5.97,4.21,5,5,4.31,0
95.31,3.46,5.94,5.55,2,5,5.81,0
66.07,8.75,5.43,2.7,1,4,4.8,0
73.82,7.52,5.34,4.29,4,4,3.56,0
61.3,7.53,8.31,8.25,4,4,9.14,0
82.02,3.9,4.35,3.21,1,3,2.66,0
98.95,7.55,7.39,7.18,3,2,7.13,0
80.17,9.88,4.86,9.34,4,1,9.32,0
67.89,9.38,5.72,7.44,3,4,5.85,0
82.39,6.07,4.31,8.49,2,2,8.89,0
56.15,3.28,5.35,2.87,4,4,2.12,0
94.43,5.54,7.84,4.01,1,1,5.44,0
75.15,8.78,8.43,9.16,3,4,5.11,0
72.47,7.91,5.11,7.72,2,2,1.07,0
79.29,6.22,6.32,7.12,2,3,4.99,0
81.24,3.39,6.35,7.31,4,1,4.32,0
53.59,5.99,8.37,5.31,4,2,7.03,0
84.13,6.28,7.81,2.36,5,5,9.44,0
62.1,9.5,6.57,8.28,5,5,1.77,0
85.7,7.49,7.35,7.43,4,5,3.95,0
91.13,5.18,8.24,5.78,5,3,5.0,0
90.2,6.68,4.05,9.2,1,4,5.1,0
77.63,3.46,6.01,4.69,1,4,7.97,0
76.01,9.81,8.54,4.35,5,4,4.99,0
57.14,5.52,7.7,8.98,4,3,1.24,0
88.77,6.35,6.71,8.38,1,5,7.39,0
63.57,5.49,6.65,6.12,2,4,8.96,0
74.83,7.78,5.74,3.05,4,3,5.63,0
64.21,7.64,6.6,3.72,3,3,6.23,0
56.69,8.01,7.28,7.25,3,2,2.47,0
81.48,4.88,6.09,5.08,4,4,2.99,0
52.72,5.21,7.57,8.69,5,5,3.12,0
87.43,3.88,8.31,9.6,1,1,4.88,0
65.88,7.59,4.77,8.45,1,3,9.35,0
50.01,3.28,6.26,5.02,4,2,5.7,0
75.56,7.18,6.04,8.31,2,1,2.73,0
52.34,9.09,7.44,4.81,5,3,3.39,0
63.81,9.24,5.25,3.34,2,2,4.46,0
85.35,6.14,7.2,2.27,4,4,6.61,0
53.13,6.22,8.39,5.09,4,2,4.96,0
91.97,3.54,6.09,9.23,2,3,4.53,0
50.19,7.7,8.56,3.91,3,4,6.08,0
62.34,8.75,8.97,3.65,4,5,3.18,0
87.05,4.71,4.53,9.76,5,2,1.71,0
65.81,5.95,5.17,2.2,2,1,1.22,0
55.09,8.87,8.75,8.29,3,4,3.26,0
68.01,9.14,8.79,4.57,2,4,1.82,0
63.52,4.7,4.49,2.3,3,5,4.03,0
92.14,6.85,4.07,9.34,3,2,7.96,0
65.67,4.35,4.81,3.12,5,1,7.45,0
89.45,3.71,8.98,6.41,4,5,6.5,0
94.59,9.38,4.9,4.19,3,2,8.67,0
71.69,8.74,6.51,2.52,4,1,3.54,0
95.5,8.32,8.24,2.4,5,1,8.97,0
68.87,3.34,4.1,2.92,4,3,4.59,0
98.2,8.91,7.02,2.57,1,1,4.61,0
54.46,6.07,5.39,8.08,3,2,4.65,0
84.35,5.4,8.31,5.88,5,5,1.88,0
74.69,6.83,5.42,4.74,2,5,9.78,0
69.38,3.64,7.43,5.35,5,3,2.25,0
81.64,8.3,7.37,9.43,3,2,4.07,0
85.19,7.08,5.11,9.29,5,1,3.87,0
50.22,4.31,4.17,7.73,2,3,1.67,0
58.35,4.32,6.05,9.08,1,4,2.37,0
85.65,4.29,5.45,4.56,3,2,1.4,0
83.32,3.4,8.04,5.05,3,3,3.63,0
98.3,7.11,8.0,6.91,5,5,8.8,0
88.05,8.88,6.29,6.99,4,3,4.05,0
97.54,3.12,7.03,5.85,4,4,2.11,0
85.13,3.34,7.02,5.21,2,2,6.81,0
64.9,7.01,8.14,9.89,1,3,9.97,0
55.27,8.74,6.13,8.57,1,1,3.09,0
89.09,5.29,5.38,5.48,5,2,3.52,0
82.21,5.45,5.33,7.82,5,3,9.75,0
52.41,7.17,6.68,4.16,4,3,2.61,0
68.0,4.92,6.25,2.8,1,2,5.6,0
97.84,3.19,6.2,4.82,1,5,3.16,0
75.02,8.15,4.46,5.22,1,1,9.39,0
71.64,7.38,7.59,2.13,2,2,9.83,0
72.88,7.07,5.07,8.52,2,1,8.33,0
60.44,8.19,4.98,4.87,5,1,3.83,0
68.44,7.73,6.06,6.64,4,2,4.63,0
68.49,4.44,5.14,2.59,3,3,3.18,0
52.62,5.47,6.92,3.4,4,5,9.02,0
88.38,3.88,5.86,9.12,2,1,9.23,0
70.83,3.91,6.24,6.87,2,1,4.77,0
91.11,7.73,6.69,9.6,5,3,6.91,0
92.52,9.01,5.02,9.99,3,2,2.49,0
60.6,9.74,4.78,4.97,1,5,4.91,0
82.87,7.4,8.4,4.39,3,1,6.68,0
73.61,4.29,6.17,8.87,3,1,4.47,0
94.01,3.74,6.06,9.99,3,2,4.22,0
60.79,8.69,4.18,7.04,5,3,1.01,0
83.89,7.05,6.49,8.36,2,4,8.24,0
80.39,7.33,6.77,8.25,1,3,9.0,0
64.77,8.47,6.79,4.84,3,1,9.73,0
56.83,7.92,7.54,6.59,1,1,7.47,0
82.58,8.84,4.89,8.66,3,5,5.94,0
86.93,3.39,5.26,7.5,2,3,3.42,0
65.78,8.23,8.05,2.17,1,4,9.99,0
82.24,8.96,8.74,4.69,4,5,6.31,0
69.76,5.0,4.68,3.16,2,4,7.13,0
85.66,7.48,6.49,3.86,1,5,7.14,0
59.96,5.2,5.07,9.24,3,3,8.61,0
94.51,9.71,4.3,2.3,3,1,1.09,0
64.37,3.23,5.63,3.76,2,4,2.98,0
68.39,7.06,4.72,4.48,2,3,6.99,0
52.9,4.17,7.55,6.94,3,4,9.06,0
55.58,7.99,6.67,6.27,1,3,7.17,0
75.79,4.23,4.72,3.75,4,5,4.72,0
63.38,4.65,4.05,3.31,5,3,4.25,0
91.77,6.46,8.04,3.89,2,5,7.64,0
50.73,9.4,4.88,6.02,3,1,7.67,0
68.95,4.48,7.03,4.17,1,5,6.46,0
66.87,4.01,5.68,9.58,2,2,3.62,0
50.97,8.31,6.93,5.71,1,1,9.33,0
56.22,6.5,5.58,2.47,2,3,5.97,0
70.68,9.38,4.43,7.83,3,3,8.11,0
74.64,4.03,5.11,4.63,1,2,2.93,0
70.21,7.52,4.94,7.23,3,3,4.1,0
76.55,4.63,6.14,4.24,1,1,8.87,0
79.76,4.1,7.29,6.57,2,1,1.45,0
50.5,7.78,5.32,8.18,5,5,5.61,0
73.2,7.16,4.06,9.42,5,4,5.34,0
98.17,8.28,6.59,4.09,4,3,7.76,0
75.95,5.17,7.03,4.68,4,2,3.54,0
83.88,6.14,8.81,5.71,3,1,2.97,0
65.59,5.84,6.95,9.42,1,1,9.34,0
88.7,9.89,6.36,9.21,4,1,6.15,0
88.65,5.05,6.87,2.72,2,4,1.94,0
76.06,5.06,8.64,3.06,5,4,2.74,0
98.8,5.48,8.14,5.96,1,3,9.99,0
56.28,6.95,5.61,2.85,5,2,2.76,0
50.85,4.77,5.19,4.76,1,4,6.49,0
88.51,9.41,5.31,3.19,4,5,4.78,0
90.36,4.86,6.52,7.09,4,4,8.97,0
56.01,9.27,7.72,9.6,3,1,7.8,0
63.28,3.72,6.52,9.97,1,2,6.37,0
50.88,7.6,4.34,5.0,2,3,1.1,0
64.67,9.35,7.62,6.79,4,4,8.92,0
88.66,4.18,8.03,8.85,3,1,5.0,0
75.9,9.78,5.45,2.94,4,5,9.38,0
67.4,6.17,7.32,7.52,5,5,5.46,0
68.59,9.62,6.13,5.27,4,3,7.25,0
50.07,7.74,8.45,3.65,1,3,1.62,0
64.99,5.11,8.23,5.22,3,4,7.71,0
82.32,4.32,6.63,2.61,1,3,4.04,0
98.71,5.13,7.46,7.56,2,1,4.16,0
92.35,3.65,8.42,4.02,2,1,2.07,0
51.18,4.01,6.48,4.49,4,1,2.32,0
94.93,3.73,5.57,2.97,3,4,2.67,0
89.16,5.96,7.77,8.92,3,4,3.95,0
89.02,8.57,5.1,5.95,3,3,9.03,0
72.9,3.99,5.94,6.58,3,4,4.31,0
69.9,3.91,8.33,6.56,4,1,7.52,0
65.15,7.5,7.62,5.28,1,2,1.74,0
53.28,4.38,6.02,3.54,4,1,6.32,0
61.41,3.68,5.07,7.96,1,2,5.34,0
62.33,4.17,5.78,3.02,5,3,9.8,0
74.2,9.47,5.42,2.83,5,5,8.62,0
87.37,8.75,4.88,7.68,1,4,5.09,0
73.69,5.48,7.72,3.67,4,4,7.98,0
52.89,7.59,5.26,4.45,2,1,2.74,0
97.89,6.76,6.27,5.8,4,1,6.06,0
97.14,7.74,5.93,5.59,2,2,1.67,0
89.26,7.78,8.91,7.67,4,4,4.13,0
99.57,7.4,5.96,6.99,3,3,3.03,0
77.22,4.86,4.4,7.16,3,1,7.47,0
98.14,3.27,4.45,7.71,5,4,5.41,0
53.78,6.19,6.95,4.34,5,5,7.76,0
68.28,9.24,7.0,4.58,1,2,5.64,0
61.27,6.99,6.09,5.5,2,1,1.78,0
59.79,8.83,6.16,4.46,3,1,7.62,0
57.04,9.94,4.27,9.88,4,3,8.5,0
81.12,4.15,6.58,8.51,1,1,9.13,0
89.07,7.84,6.52,3.32,4,4,6.15,0
78.91,7.72,4.75,2.04,3,4,7.78,0
57.35,9.86,4.52,2.34,3,4,7.77,0
90.56,9.9,4.62,3.95,3,5,2.4,0
81.8,7.81,4.51,2.91,3,5,2.48,0
69.41,4.71,7.05,6.27,4,1,1.64,0
83.71,8.59,4.98,8.86,1,5,3.88,0
63.0,3.75,5.26,7.89,3,5,5.26,0
67.26,8.46,4.87,3.72,5,3,9.98,0
95.87,9.37,8.79,5.19,1,5,4.88,0
64.53,5.68,8.27,6.06,5,2,7.54,0
73.5,7.41,5.15,8.48,4,2,7.24,0
94.51,6.01,5.64,8.71,3,2,2.84,0
85.39,6.06,5.05,9.28,1,1,1.53,0
53.11,5.17,6.46,6.07,3,4,5.91,0
57.37,8.33,4.1,7.55,3,3,7.3,0
50.39,9.55,7.36,2.89,1,1,9.98,0
81.55,9.59,6.62,6.52,3,4,4.23,0
72.38,4.22,8.49,3.99,3,3,9.07,0
56.71,9.12,4.82,5.45,2,3,4.44,0
97.9,8.16,8.02,7.07,2,3,7.2,0
76.48,4.77,7.96,4.06,1,2,6.38,0
62.09,3.47,4.64,2.42,1,2,1.48,0
75.03,4.88,5.99,2.08,3,2,1.71,0
83.98,9.39,4.85,2.18,5,3,1.19,0
53.81,7.43,5.27,2.07,1,3,4.34,0
63.74,8.05,5.32,2.88,3,2,7.71,0
90.35,4.8,6.78,3.92,5,3,2.55,0
72.98,8.04,6.06,3.77,2,2,6.45,0
77.33,3.2,8.74,9.89,1,2,3.6,0
71.64,5.63,4.63,4.45,3,2,8.17,0
52.19,7.39,8.87,3.02,2,4,8.19,0
58.29,4.02,5.15,6.36,4,3,7.98,0
72.28,8.76,7.86,8.86,2,1,5.72,0
60.46,4.65,5.69,7.42,3,2,3.56,0
52.5,7.57,4.72,4.37,5,1,8.28,0
92.18,5.84,8.29,6.49,4,4,2.67,0
99.06,7.17,5.54,7.72,4,3,3.61,0
89.66,3.75,7.29,7.82,4,2,2.66,0
92.69,3.12,6.83,7.33,1,2,7.07,0
62.1,9.37,6.36,8.97,3,2,7.18,0
98.03,4.89,6.48,8.96,4,1,6.87,0
59.85,8.74,7.66,6.63,2,4,4.74,0
97.57,10.0,4.44,5.44,5,3,1.9,0
99.74,4.48,7.34,7.13,3,4,9.2,0
85.59,4.86,8.48,8.55,2,2,5.57,0
99.06,7.64,4.29,2.05,1,4,4.66,0
78.48,9.76,4.7,9.94,4,1,6.3,0
62.98,9.41,7.58,3.46,2,5,2.74,0
71.85,6.52,6.19,5.76,3,5,2.19,0
79.68,8.57,6.02,8.98,2,3,4.65,0
53.65,3.95,4.68,3.8,1,3,3.04,0
81.12,9.84,6.53,5.81,5,4,3.2,0
99.06,9.75,4.63,3.06,4,3,9.03,0
59.51,4.15,6.38,5.16,3,1,5.78,0
89.63,5.1,7.82,3.42,4,2,5.35,0
95.39,3.7,5.29,4.91,4,2,7.21,0
97.19,4.9,6.4,4.99,4,4,9.56,0
98.01,8.71,8.96,9.95,2,2,2.01,0
76.07,5.65,7.43,9.96,2,4,8.5,0
98.87,3.62,8.21,2.92,5,3,6.26,0
87.87,5.4,6.07,7.81,1,3,2.32,0
58.08,9.87,7.84,2.41,3,1,3.67,0
73.85,7.41,4.2,2.24,2,2,5.34,0
85.92,5.91,4.61,2.84,4,1,7.22,0
62.37,4.17,5.02,9.72,1,5,3.18,0
82.03,9.9,6.01,9.53,3,1,5.81,0
83.33,8.75,8.23,3.55,3,4,7.16,0
58.13,4.97,5.73,3.29,3,4,5.04,0
78.25,3.49,7.27,3.92,3,1,8.77,0
88.58,3.4,7.55,6.12,5,3,8.83,0
74.94,3.84,6.93,6.56,3,5,5.24,0
50.61,7.07,5.79,3.77,1,1,9.76,0
50.45,9.5,6.89,8.05,2,3,1.68,0
67.85,6.48,5.71,4.48,1,1,1.03,0
96.31,8.9,4.42,9.38,4,2,4.43,0
61.43,6.12,8.96,7.25,5,4,6.41,0
81.72,7.96,4.64,5.49,5,2,6.66,0
61.1,8.12,4.36,8.32,4,2,5.29,0
66.08,4.22,8.39,8.54,1,5,2.12,0
92.4,5.53,5.51,4.32,1,3,2.53,0
86.44,7.46,7.25,4.72,4,4,8.67,0
54.77,3.49,5.65,9.49,3,2,8.81,0
71.44,5.53,5.96,3.32,3,4,7.07,0
51.46,6.74,5.31,2.34,2,3,6.98,0
74.04,9.97,5.72,5.63,1,1,6.38,0
83.12,6.32,6.05,8.41,1,2,2.83,0
55.93,8.71,7.6,8.17,4,3,4.85,0
64.44,6.02,6.56,9.36,4,4,7.26,0
69.89,8.57,8.72,6.27,3,3,5.84,0
95.98,7.17,4.21,2.8,1,1,1.17,0
99.66,9.21,6.52,6.71,1,3,9.58,0
52.25,5.88,6.92,8.23,5,4,8.6,0
88.05,7.23,8.6,2.75,2,2,3.34,0
68.59,7.41,4.25,3.38,2,2,6.55,0
69.62,5.92,6.87,2.1,3,5,9.31,0
87.71,4.01,8.27,6.75,1,4,1.86,0
95.92,3.65,5.21,9.09,5,5,5.53,0
97.55,3.12,8.38,7.37,1,5,5.11,0
78.86,9.11,4.1,9.86,4,1,4.69,0
67.86,4.66,7.66,2.5,3,4,8.52,0
89.38,4.48,8.67,9.22,2,2,4.43,0
62.55,8.15,7.29,8.51,1,4,1.57,0
78.2,5.24,6.2,4.51,3,1,1.59,0
67.93,6.54,4.22,9.79,2,4,1.38,0
82.83,4.14,8.6,4.3,1,4,4.68,0
62.02,9.72,6.35,9.11,5,5,7.47,0
59.58,8.96,4.14,9.05,3,4,2.83,0
95.91,9.05,7.45,8.06,1,5,6.82,0
55.09,5.85,6.41,6.51,2,5,7.18,0
75.3,8.34,4.62,2.96,2,3,3.3,0
61.04,4.01,5.07,6.26,5,1,6.41,0
51.95,3.06,4.32,4.85,3,5,7.16,0
51.8,3.14,6.87,8.34,3,4,5.2,0
58.76,7.11,7.11,8.07,1,5,4.03,0
93.34,6.19,6.53,9.28,2,5,6.57,0
64.12,6.63,8.09,2.12,2,5,9.8,0
97.52,3.05,8.31,8.47,5,2,4.84,0
79.08,5.96,7.08,9.51,5,2,4.53,0
71.83,8.03,4.06,8.31,3,2,5.18,0
79.0,6.1,7.48,3.04,2,2,1.69,0
75.83,8.13,6.09,2.65,1,3,5.98,0
87.94,4.63,6.83,2.17,4,5,3.96,0
64.12,8.69,7.25,7.03,1,3,2.09,0
67.65,7.12,5.75,7.04,5,4,5.2,0
94.7,4.48,8.59,9.9,1,1,1.03,0
97.32,4.66,4.67,5.18,2,3,4.62,0
94.63,7.4,7.36,4.66,3,2,1.95,0
70.97,8.81,4.02,7.0,4,2,1.22,0
89.02,5.91,8.62,8.6,3,4,8.42,0
73.82,4.81,4.56,9.49,4,5,9.25,0
74.88,9.07,4.47,8.42,4,1,2.87,0
60.23,7.68,5.67,5.41,2,3,5.85,0
79.56,6.14,5.87,7.08,2,5,3.5,0
59.31,6.42,5.07,8.85,5,5,5.44,0
66.58,4.43,6.93,5.92,5,3,4.93,0
92.75,7.39,6.21,3.73,4,3,3.42,0
60.35,5.51,4.17,3.36,5,3,7.3,0
53.56,9.97,5.6,2.0,2,3,2.14,0
53.45,6.36,8.05,7.75,5,2,1.48,0
97.04,6.4,7.45,2.89,4,5,7.91,0
75.35,6.96,7.62,3.95,3,5,6.99,0
70.47,9.42,7.49,4.38,1,2,5.49,0
90.54,8.61,5.55,6.48,5,5,5.21,0
91.79,6.16,4.5,5.18,2,3,5.48,0
66.61,8.03,5.36,7.4,3,1,4.93,0
84.68,7.1,8.16,2.45,2,5,4.54,0
88.56,6.45,8.9,2.99,5,1,5.5,0
82.73,4.35,6.47,5.99,4,1,5.76,0
57.58,6.25,4.05,4.7,1,2,7.23,0
93.79,4.72,4.7,4.37,1,4,7.4,0
76.95,9.4,5.61,2.54,3,5,4.4,0
64.12,5.35,6.89,9.17,1,2,4.72,0
71.26,9.67,4.38,7.53,4,2,4.36,0
51.88,6.73,8.72,2.97,2,1,5.83,0
56.39,7.42,5.83,2.52,4,5,5.08,0
88.28,6.8,8.56,9.8,3,2,9.01,0
50.0,3.91,7.9,7.45,3,3,7.27,0
70.83,5.63,7.78,5.34,1,2,9.09,0
76.13,3.69,7.03,7.61,4,3,7.38,0
52.73,7.36,7.13,8.05,2,4,9.74,0
98.65,6.13,7.19,8.24,4,3,6.72,0
61.31,8.45,7.14,5.82,2,3,9.67,0
65.21,4.54,6.77,5.44,2,1,2.42,0
65.2,4.15,8.93,2.09,4,2,1.47,0
61.52,5.84,7.66,9.41,5,4,6.21,0
50.07,9.49,7.88,6.83,4,2,9.85,0
86.47,7.97,8.36,3.63,2,3,4.76,0
98.34,5.93,5.08,9.36,3,3,2.91,0
61.21,6.62,4.42,9.32,3,2,5.69,0
83.15,3.59,6.41,9.91,1,4,6.84,0
87.09,9.89,6.57,8.99,3,4,3.84,0
92.42,7.66,8.15,9.98,5,1,7.43,0
71.13,5.0,6.22,3.96,2,3,9.78,0
65.15,7.1,6.85,8.74,4,3,9.07,0
66.26,3.77,6.64,8.58,4,1,3.62,0
85.63,9.76,4.19,3.85,5,2,3.94,0
90.84,4.22,7.08,2.79,3,3,4.34,0
59.08,7.54,8.14,9.84,2,2,4.55,0
68.55,4.72,4.79,4.37,3,4,1.9,0
95.1,8.02,6.97,8.97,1,5,7.86,0
90.33,8.44,6.97,2.03,3,1,4.29,0
99.24,7.71,4.82,2.17,1,3,8.92,0
87.71,7.3,4.62,5.73,4,1,9.34,0
69.66,9.25,8.9,3.91,2,4,1.22,0
79.53,3.55,5.97,7.52,1,4,9.9,0
83.05,5.32,5.14,6.52,3,4,7.39,0
53.92,4.74,4.86,2.62,3,4,5.68,0
77.22,9.92,7.34,3.3,4,5,4.51,0
85.47,5.73,7.05,5.1,5,2,5.67,0
58.37,8.13,7.22,3.48,5,2,3.92,0
89.03,7.79,4.44,8.34,3,5,6.6,0
79.19,4.48,8.47,5.33,5,2,1.84,0
97.61,4.67,5.95,2.75,2,4,6.59,0
52.12,4.97,5.57,5.87,5,2,3.48,0
63.27,5.88,6.31,2.73,2,1,1.16,0
80.08,4.64,5.95,3.03,3,2,5.97,0
64.83,3.14,8.32,3.92,3,1,6.21,0
85.72,9.16,8.65,8.88,3,3,4.84,0
87.95,9.76,5.52,9.4,4,1,1.65,0
55.13,5.39,8.32,8.61,5,1,9.04,0
75.69,5.37,7.91,4.67,1,4,6.5,0
75.44,3.05,8.65,4.18,1,4,2.04,0
68.46,7.76,5.23,6.39,3,4,5.6,0
96.65,8.78,6.88,7.77,5,1,5.48,0
91.38,4.03,5.37,9.95,2,5,1.54,0
84.86,4.12,8.12,3.05,1,4,6.46,0
85.72,8.53,4.03,2.39,3,4,8.27,0
73.09,7.31,6.82,7.55,1,1,7.74,0
96.05,3.31,5.7,8.66,1,3,2.83,0
84.73,7.36,5.61,8.77,1,3,8.76,0
86.45,5.16,7.22,7.43,3,2,4.08,0
93.08,5.58,8.26,9.63,3,3,9.52,0
63.7,8.39,7.05,6.09,4,4,1.65,0
90.35,8.68,8.27,9.31,4,5,5.38,0
59.76,5.8,5.32,9.74,4,2,6.37,0
67.27,9.63,6.6,8.78,1,5,3.23,0
66.78,5.85,6.25,4.48,5,5,7.94,0
98.93,8.4,4.06,3.57,3,4,6.64,0
92.83,6.39,6.78,6.38,4,1,1.16,0
85.06,9.28,7.31,5.62,5,1,6.48,0
86.35,9.35,6.96,9.02,4,1,5.42,0
78.1,3.61,7.68,2.8,4,3,2.76,0
97.35,9.56,6.86,4.06,5,1,9.96,0
74.81,8.78,4.33,8.01,4,4,9.07,0
69.03,8.54,4.58,2.76,1,3,3.63,0
58.15,4.41,6.98,4.57,1,1,5.87,0
89.31,8.64,5.37,5.1,1,5,3.85,0
86.72,8.95,4.4,6.98,2,4,7.98,0
69.22,5.02,6.15,3.27,4,4,9.37,0
51.26,9.67,6.77,8.88,2,2,4.23,0
91.95,3.35,5.64,5.58,3,4,8.25,0
50.57,4.05,7.6,9.34,5,5,5.49,0
85.18,6.76,7.22,5.74,3,4,4.57,0
98.51,7.03,5.66,4.2,2,2,9.45,0
71.88,7.52,7.77,3.13,1,4,5.59,0
61.75,3.12,7.24,2.03,4,4,5.21,0
85.24,9.72,7.19,6.26,4,2,7.05,0
90.86,3.31,6.77,2.86,1,4,3.35,0
77.32,4.0,4.06,5.13,4,3,3.92,0
98.35,3.1,7.48,6.71,5,4,9.39,0
52.58,6.97,5.88,4.21,5,1,7.11,0
75.24,9.53,8.71,3.4,5,1,8.44,0
85.92,7.66,8.09,8.2,3,3,3.44,0
93.13,8.76,6.94,9.57,1,4,5.89,0
58.96,3.09,5.26,2.8,5,5,9.74,0
90.0,6.79,5.02,3.24,2,4,3.87,0
77.64,6.22,5.7,9.68,5,1,2.44,0
69.83,6.49,6.38,2.3,3,2,5.6,0
56.59,3.51,5.48,9.82,2,3,4.49,0
93.26,7.79,6.57,2.04,1,2,2.44,0
57.86,6.52,4.83,8.99,1,5,9.0,0
65.49,8.36,8.89,4.46,5,4,9.92,0
64.5,6.4,4.54,9.51,2,5,6.12,0
93.57,4.05,8.66,4.54,2,2,7.97,0
